Top pages,Clicks,Impressions,CTR,Position
https://biblequizcompetition.com/,77,1017,7.57%,5.25
https://biblequizcompetition.com/hindi-songs/haath-uthaakar-gaoonga,10,379,2.64%,7.64
https://biblequizcompetition.com/public-quiz/leviticus/chapter-23,9,50,18%,6.7
https://biblequizcompetition.com/public-quiz/nehemiah,8,85,9.41%,10.54
https://biblequizcompetition.com/hallelujah-stuti-gaye-hum-lyrics,6,233,2.58%,7.03
https://biblequizcompetition.com/public-quiz/1-timothy,6,67,8.96%,8.88
https://biblequizcompetition.com/hindi-songs/ek-aag-har-dil-mai,5,173,2.89%,5.1
https://biblequizcompetition.com/public-quiz/deuteronomy/chapter-21,5,50,10%,5.58
https://biblequizcompetition.com/public-quiz/philemon,4,95,4.21%,8.56
https://biblequizcompetition.com/public-quiz/john/chapter-5,4,58,6.9%,7.05
https://biblequizcompetition.com/public-quiz/john/chapter-18,4,55,7.27%,7.67
https://biblequizcompetition.com/public-quiz/hebrews/chapter-8,4,38,10.53%,7.13
https://biblequizcompetition.com/public-quiz/numbers/chapter-11,4,21,19.05%,6.43
https://biblequizcompetition.com/public-quiz/1-thessalonians,4,16,25%,8.12
https://biblequizcompetition.com/bible-quiz-multiplayer,4,14,28.57%,5.43
https://biblequizcompetition.com/public-quiz/ezekiel/chapter-12,4,12,33.33%,3.25
https://biblequizcompetition.com/public-quiz/1-chronicles/chapter-11,4,7,57.14%,3.86
https://biblequizcompetition.com/hindi-songs/sirf-yeshu-ka-naam-hai,3,180,1.67%,5.31
https://biblequizcompetition.com/hindi-songs/vandana-karte-hai-hum,3,177,1.69%,6.42
https://biblequizcompetition.com/hindi-songs/aadi-aur-ant-tu-hi-hai,3,79,3.8%,4.28
https://biblequizcompetition.com/public-quiz/daniel,3,49,6.12%,9.2
https://biblequizcompetition.com/public-quiz/song-of-solomon/chapter-2,3,40,7.5%,5.78
https://biblequizcompetition.com/public-quiz/deuteronomy/chapter-8,3,39,7.69%,4.56
https://biblequizcompetition.com/public-quiz/deuteronomy/chapter-26,3,31,9.68%,5.35
https://biblequizcompetition.com/bible-questions-and-answers-hub/luke/ch5-beginner,3,23,13.04%,5.3
https://biblequizcompetition.com/bible-questions-and-answers-hub/job/ch1-beginner,3,21,14.29%,9
https://biblequizcompetition.com/bible-questions-and-answers-hub/numbers/ch16-advanced,3,16,18.75%,9.25
https://biblequizcompetition.com/bible-questions-and-answers-hub/numbers/ch13-advanced,3,15,20%,3.6
https://biblequizcompetition.com/bible-questions-and-answers-hub/numbers/ch12-advanced,3,12,25%,4.33
https://biblequizcompetition.com/public-quiz/hosea/chapter-13,3,12,25%,5.17
https://biblequizcompetition.com/public-quiz/zechariah/chapter-7,3,11,27.27%,6.09
https://biblequizcompetition.com/english-songs/weve-found-the-secret-of-living,3,8,37.5%,6.12
https://biblequizcompetition.com/bible-questions-and-answers-hub/joshua/ch18-beginner,3,4,75%,5.25
https://biblequizcompetition.com/hindi-songs/prashansa-howe-prabhu-ki,2,249,0.8%,7.04
https://biblequizcompetition.com/home/,2,78,2.56%,15.92
https://biblequizcompetition.com/hindi-songs/yeshu-tera-naam-mera-sharansthaan,2,30,6.67%,4.17
https://biblequizcompetition.com/hindi-songs/aao-jag-ke-log-sab-hi-christian-song,2,28,7.14%,5.75
https://biblequizcompetition.com/bible-quiz-for-sunday-school,2,27,7.41%,7.63
https://biblequizcompetition.com/public-quiz/acts/chapter-6,2,25,8%,6.56
https://biblequizcompetition.com/public-quiz/2-timothy,2,24,8.33%,7.67
https://biblequizcompetition.com/public-quiz/nahum,2,20,10%,11.25
https://biblequizcompetition.com/top-100-bible-quiz-questions,2,19,10.53%,6.47
https://biblequizcompetition.com/public-quiz/deuteronomy/chapter-30,2,19,10.53%,8.42
https://biblequizcompetition.com/songs/ente-daivam-mahathwathil,2,19,10.53%,18.11
https://biblequizcompetition.com/public-quiz/joshua,2,18,11.11%,9.22
https://biblequizcompetition.com/public-quiz/isaiah/chapter-7,2,15,13.33%,3.53
https://biblequizcompetition.com/public-quiz/judges/chapter-13,2,13,15.38%,4.92
https://biblequizcompetition.com/public-quiz/1-chronicles/chapter-13,2,11,18.18%,5.82
https://biblequizcompetition.com/bible-questions-and-answers-hub/numbers/ch15-beginner,2,8,25%,4.62
https://biblequizcompetition.com/bible-questions-and-answers-hub/numbers/ch2-advanced,2,8,25%,5.38
https://biblequizcompetition.com/public-quiz/matthew/chapter-19,2,8,25%,5.88
https://biblequizcompetition.com/public-quiz/deuteronomy,2,8,25%,6.38
https://biblequizcompetition.com/bible-questions-and-answers-hub/numbers/ch18-beginner,2,6,33.33%,3.33
https://biblequizcompetition.com/hindi-songs/aaradhna-ho-aaradhna,2,6,33.33%,4.5
https://biblequizcompetition.com/bible-questions-and-answers-hub/numbers/ch30-beginner,2,6,33.33%,5.5
https://biblequizcompetition.com/songs,2,6,33.33%,17.33
https://biblequizcompetition.com/bible-questions-and-answers-hub/numbers/ch32-beginner,2,5,40%,3
https://biblequizcompetition.com/bible-questions-and-answers-hub/numbers/ch10-advanced,2,4,50%,5
https://biblequizcompetition.com/bible-questions-and-answers-hub/acts/ch23-beginner,2,4,50%,6.75
https://biblequizcompetition.com/public-quiz/2-chronicles/chapter-35/beginner,2,3,66.67%,1.33
https://biblequizcompetition.com/bible-questions-and-answers-hub/job/ch40-advanced,2,3,66.67%,2.67
https://biblequizcompetition.com/bible-questions-and-answers-hub/job/ch23-beginner,2,3,66.67%,5.33
https://biblequizcompetition.com/public-quiz/ecclesiastes/chapter-5,2,2,100%,3
https://biblequizcompetition.com/public-quiz/isaiah/chapter-51,2,2,100%,3
https://biblequizcompetition.com/hindi-songs/ashish-tujhe-chahte-hain,1,129,0.78%,5.92
https://biblequizcompetition.com/songs/prapancha-srishtavin-naamam,1,57,1.75%,7.32
https://biblequizcompetition.com/hindi-songs/stuti-prashansa-karu-prabhu,1,51,1.96%,5.8
https://biblequizcompetition.com/public-quiz/joshua/chapter-7,1,47,2.13%,7.11
https://biblequizcompetition.com/public-quiz/micah,1,38,2.63%,7.66
https://biblequizcompetition.com/articles/understanding-grace,1,38,2.63%,22.61
https://biblequizcompetition.com/articles,1,37,2.7%,8.32
https://biblequizcompetition.com/songs/ithratholam-jayam-thanna,1,34,2.94%,7.59
https://biblequizcompetition.com/bible-questions-and-answers-hub/genesis/chapter-7,1,33,3.03%,9.79
https://biblequizcompetition.com/public-quiz/judges/chapter-11,1,30,3.33%,6.17
https://biblequizcompetition.com/songs/varuveen-ee-nalla-samayam,1,30,3.33%,11.27
https://biblequizcompetition.com/public-quiz/isaiah/chapter-17,1,28,3.57%,5.64
https://biblequizcompetition.com/hindi-songs/o-kalvary-prem-ki-dhaara,1,23,4.35%,4.91
https://biblequizcompetition.com/public-quiz/2-thessalonians,1,23,4.35%,13.26
https://biblequizcompetition.com/songs/parama-pithave-namaskaram,1,22,4.55%,5.77
https://biblequizcompetition.com/hindi-songs/aao-khuda-ke-ghar-chale,1,21,4.76%,6.67
https://biblequizcompetition.com/articles/david-king-israel,1,21,4.76%,15.29
https://biblequizcompetition.com/public-quiz/esther/chapter-7,1,20,5%,6.5
https://biblequizcompetition.com/songs/jeevithathin-veedhiyil-njan,1,20,5%,6.95
https://biblequizcompetition.com/songs/pilarnnatham-paaraye-ninnil-njan-marayatte,1,20,5%,7
https://biblequizcompetition.com/public-quiz/joel,1,20,5%,9.05
https://biblequizcompetition.com/public-quiz/leviticus/chapter-24,1,19,5.26%,5.74
https://biblequizcompetition.com/ho-teri-stuti-aur-aradhana-lyrics-telugu,1,18,5.56%,5.06
https://biblequizcompetition.com/english-songs/dear-savior-thou-art-mine,1,18,5.56%,8.5
https://biblequizcompetition.com/songs/nadha-innente-koode-varename,1,16,6.25%,4.94
https://biblequizcompetition.com/english-songs/cloud-of-witnesses,1,16,6.25%,7.56
https://biblequizcompetition.com/songs/yeshu-nee-yeshu-nee,1,16,6.25%,10.88
https://biblequizcompetition.com/bible-questions-and-answers-hub/revelation/ch10-beginner,1,15,6.67%,8.27
https://biblequizcompetition.com/songs/ninte-daivamaya-karthavine,1,13,7.69%,4.46
https://biblequizcompetition.com/bible-questions-and-answers-hub/1-timothy/ch4-beginner,1,13,7.69%,10
https://biblequizcompetition.com/public-quiz/2-peter/chapter-3,1,12,8.33%,3.42
https://biblequizcompetition.com/english-songs/god-has-forgiven-all-my-sins,1,12,8.33%,5.67
https://biblequizcompetition.com/public-quiz/zechariah,1,12,8.33%,10.5
https://biblequizcompetition.com/public-quiz/job/chapter-31,1,11,9.09%,4.82
https://biblequizcompetition.com/bible-questions-and-answers-hub/job/ch22-beginner,1,11,9.09%,4.91
https://biblequizcompetition.com/songs/njan-ninne-marannalum,1,11,9.09%,4.91
https://biblequizcompetition.com/public-quiz/romans/chapter-9,1,11,9.09%,5.73
https://biblequizcompetition.com/public-quiz/jude,1,11,9.09%,8.27
https://biblequizcompetition.com/songs/yesuvin-naamamallathe-bhoovil,1,10,10%,4.1
https://biblequizcompetition.com/songs/velli-meghangal-ayakkane,1,10,10%,4.7
https://biblequizcompetition.com/bible-questions-and-answers-hub/isaiah/ch4-beginner,1,10,10%,5.4
https://biblequizcompetition.com/hindi-songs/aarasta-ho,1,10,10%,5.6
https://biblequizcompetition.com/bible-questions-and-answers-hub/revelation/ch14-advanced,1,10,10%,5.7
https://biblequizcompetition.com/songs/snehame-enne-thedi,1,10,10%,7.5
https://biblequizcompetition.com/public-quiz/1-corinthians,1,10,10%,21.3
https://biblequizcompetition.com/public-quiz/genesis/chapter-40,1,9,11.11%,7.44
https://biblequizcompetition.com/public-quiz/deuteronomy/chapter-6/beginner,1,9,11.11%,8
https://biblequizcompetition.com/hindi-songs/yeshu-tu-hai-mere-saath,1,9,11.11%,11.67
https://biblequizcompetition.com/hindi-songs/mara-tha-usko,1,8,12.5%,3.5
https://biblequizcompetition.com/public-quiz/psalms/chapter-38,1,8,12.5%,4.25
https://biblequizcompetition.com/bible-questions-and-answers-hub/daniel/ch9-beginner,1,8,12.5%,5.38
https://biblequizcompetition.com/english-songs/god-in-heaven-hath-a-treasure,1,8,12.5%,6.75
https://biblequizcompetition.com/public-quiz/esther,1,8,12.5%,8.62
https://biblequizcompetition.com/public-quiz/matthew/chapter-18,1,7,14.29%,5.14
https://biblequizcompetition.com/songs/ee-paradhevanaho,1,7,14.29%,6.29
https://biblequizcompetition.com/hindi-songs/apni-rooh-se-bhar-de,1,7,14.29%,7.71
https://biblequizcompetition.com/public-quiz/isaiah/chapter-2,1,6,16.67%,3
https://biblequizcompetition.com/public-quiz/deuteronomy/chapter-10,1,6,16.67%,3.33
https://biblequizcompetition.com/bible-questions-and-answers-hub/numbers/ch22-beginner,1,6,16.67%,4.5
https://biblequizcompetition.com/public-quiz/2-kings/chapter-3,1,6,16.67%,5.17
https://biblequizcompetition.com/public-quiz/leviticus/chapter-17,1,6,16.67%,5.67
https://biblequizcompetition.com/public-quiz/colossians/chapter-1/intermediate,1,6,16.67%,6.5
https://biblequizcompetition.com/public-quiz/genesis/chapter-17,1,6,16.67%,6.5
https://biblequizcompetition.com/hindi-songs/aankhon-ko-band-kar-lu,1,6,16.67%,6.83
https://biblequizcompetition.com/hindi-songs/chamka-sitara-dekho,1,6,16.67%,6.83
https://biblequizcompetition.com/songs/kaanana-poonchola-thedum,1,6,16.67%,8.17
https://biblequizcompetition.com/public-quiz/genesis/chapter-5,1,6,16.67%,12
https://biblequizcompetition.com/songs/lokam-nalkatha-santhosham,1,5,20%,2.4
https://biblequizcompetition.com/kids-stories/jonah-and-the-big-fish,1,5,20%,3.2
https://biblequizcompetition.com/bible-questions-and-answers-hub/1-samuel/ch31-beginner,1,5,20%,3.6
https://biblequizcompetition.com/bible-questions-and-answers-hub/numbers/ch6-beginner,1,5,20%,3.6
https://biblequizcompetition.com/bible-questions-and-answers-hub/numbers/ch25-advanced,1,5,20%,3.8
https://biblequizcompetition.com/english-songs/as-now-we-breathe-the-heavnly-air,1,5,20%,3.8
https://biblequizcompetition.com/english-songs/once-i-was-dead-in-sin,1,5,20%,4.4
https://biblequizcompetition.com/bible-questions-and-answers-hub/numbers/ch1-advanced,1,5,20%,5
https://biblequizcompetition.com/public-quiz/1-corinthians/chapter-8,1,5,20%,5.4
https://biblequizcompetition.com/bible-questions-and-answers-hub/luke/ch18-beginner,1,5,20%,8
https://biblequizcompetition.com/bible-questions-and-answers-hub/numbers/ch17-beginner,1,5,20%,9.8
https://biblequizcompetition.com/public-quiz/luke/chapter-3,1,4,25%,3.75
https://biblequizcompetition.com/bible-questions-and-answers-hub/matthew/ch1-12-beginner,1,4,25%,4
https://biblequizcompetition.com/songs/aaru-sahayikkum-lokam-thunakkumo,1,4,25%,4.5
https://biblequizcompetition.com/public-quiz/exodus/chapter-5,1,4,25%,6.75
https://biblequizcompetition.com/public-quiz/genesis/chapter-8,1,4,25%,6.75
https://biblequizcompetition.com/english-songs/death-cannot-hold-the-resurrection-life,1,4,25%,7.5
https://biblequizcompetition.com/english-songs/grace-there-is-my-every-debt-to-pay,1,4,25%,8.5
https://biblequizcompetition.com/public-quiz/hebrews/chapter-11,1,4,25%,10.5
https://biblequizcompetition.com/bible-questions-and-answers-hub/job/ch3-advanced,1,4,25%,11.75
https://biblequizcompetition.com/bible-questions-and-answers-hub/numbers/ch13-beginner,1,4,25%,21.75
https://biblequizcompetition.com/public-quiz/judges/chapter-14,1,3,33.33%,2.67
https://biblequizcompetition.com/songs/innu-nei-marichal-snehitha,1,3,33.33%,2.67
https://biblequizcompetition.com/public-quiz/nehemiah/chapter-2/advanced,1,3,33.33%,3
https://biblequizcompetition.com/public-quiz/judges/chapter-6,1,3,33.33%,3.67
https://biblequizcompetition.com/songs/aaradikkam-namukkaradhikkam,1,3,33.33%,7.67
https://biblequizcompetition.com/public-quiz/lamentations/chapter-3,1,3,33.33%,8
https://biblequizcompetition.com/public-quiz/philippians/chapter-3/intermediate,1,3,33.33%,8
https://biblequizcompetition.com/songs/daivathinu-sthothram-paadiduvin,1,3,33.33%,8.67
https://biblequizcompetition.com/english-songs/behold-behold-the-lamb-of-god,1,3,33.33%,10.33
https://biblequizcompetition.com/public-quiz/jeremiah/chapter-17/beginner,1,2,50%,2
https://biblequizcompetition.com/public-quiz/judges/chapter-19,1,2,50%,2
https://biblequizcompetition.com/bible-questions-and-answers-hub/job/ch17-beginner,1,2,50%,3
https://biblequizcompetition.com/bible-questions-and-answers-hub/job/ch41-beginner,1,2,50%,3
https://biblequizcompetition.com/public-quiz/1-samuel/chapter-10,1,2,50%,3
https://biblequizcompetition.com/public-quiz/joshua/chapter-16/intermediate,1,2,50%,3
https://biblequizcompetition.com/bible-questions-and-answers-hub/ecclesiastes/ch5-beginner,1,2,50%,3.5
https://biblequizcompetition.com/bible-questions-and-answers-hub/job/ch42-advanced,1,2,50%,3.5
https://biblequizcompetition.com/songs/en-jeevitha-paathayathil,1,2,50%,3.5
https://biblequizcompetition.com/english-songs/amazing-grace,1,2,50%,4
https://biblequizcompetition.com/bible-questions-and-answers-hub/jeremiah/ch17-advanced,1,2,50%,5
https://biblequizcompetition.com/bible-questions-and-answers-hub/psalms/ch39-beginner,1,2,50%,5
https://biblequizcompetition.com/bible-questions-and-answers-hub/2-kings/ch20-advanced,1,2,50%,5.5
https://biblequizcompetition.com/bible-questions-and-answers-hub/exodus/ch15-beginner,1,2,50%,6
https://biblequizcompetition.com/bible-questions-and-answers-hub/numbers/ch19-advanced,1,2,50%,6
https://biblequizcompetition.com/english-songs/come-in-o-come-the-door-stands-open-now,1,2,50%,6.5
https://biblequizcompetition.com/public-quiz/mark/chapter-3/intermediate,1,2,50%,7
https://biblequizcompetition.com/songs/nee-ente-rakshakan,1,2,50%,8
https://biblequizcompetition.com/english-songs/breath-by-breath-we-breathe-the-lord,1,2,50%,9
https://biblequizcompetition.com/bible-questions-and-answers-hub/3-john/beginner,1,2,50%,10
https://biblequizcompetition.com/public-quiz/jeremiah/chapter-1/advanced,1,2,50%,10
https://biblequizcompetition.com/bible-questions-and-answers-hub/1-john,1,2,50%,13
https://biblequizcompetition.com/bible-questions-and-answers-hub/2-john/advanced,1,2,50%,14
https://biblequizcompetition.com/hindi-songs/aake-tere-dwar-masiha,1,2,50%,18
https://biblequizcompetition.com/bible-questions-and-answers-hub/2-chronicles/ch27-advanced,1,1,100%,2
https://biblequizcompetition.com/public-quiz/ecclesiastes/chapter-2,1,1,100%,2
https://biblequizcompetition.com/public-quiz/mark/chapter-9,1,1,100%,2
https://biblequizcompetition.com/public-quiz/psalms/chapter-35,1,1,100%,2
https://biblequizcompetition.com/bible-questions-and-answers-hub/job/ch6-beginner,1,1,100%,3
https://biblequizcompetition.com/bible-questions-and-answers-hub/numbers/ch21-advanced,1,1,100%,3
https://biblequizcompetition.com/bible-questions-and-answers-hub/numbers/ch25-36-beginner,1,1,100%,3
https://biblequizcompetition.com/bible-questions-and-answers-hub/proverbs/ch12-beginner,1,1,100%,3
https://biblequizcompetition.com/bible-questions-and-answers-hub/psalms/ch10-beginner,1,1,100%,3
https://biblequizcompetition.com/bible-questions-and-answers-hub/psalms/ch36-advanced,1,1,100%,3
https://biblequizcompetition.com/kids-stories/moses-and-the-exodus,1,1,100%,3
https://biblequizcompetition.com/public-quiz/daniel/chapter-4,1,1,100%,3
https://biblequizcompetition.com/public-quiz/esther/chapter-7/intermediate,1,1,100%,3
https://biblequizcompetition.com/public-quiz/hosea/chapter-4,1,1,100%,3
https://biblequizcompetition.com/public-quiz/job/chapter-21/advanced,1,1,100%,3
https://biblequizcompetition.com/public-quiz/psalms/chapter-76,1,1,100%,3
https://biblequizcompetition.com/public-quiz/leviticus/chapter-12,1,1,100%,4
https://biblequizcompetition.com/bible-questions-and-answers-hub/1-kings/ch11-advanced,1,1,100%,5
https://biblequizcompetition.com/bible-questions-and-answers-hub/deuteronomy/ch27-advanced,1,1,100%,5
https://biblequizcompetition.com/bible-questions-and-answers-hub/ecclesiastes/ch1-advanced,1,1,100%,5
https://biblequizcompetition.com/public-quiz/mark/chapter-11,1,1,100%,5
https://biblequizcompetition.com/public-quiz/proverbs/chapter-14,1,1,100%,5
https://biblequizcompetition.com/songs/vilichavan-ennum-viswasthan,1,1,100%,5
https://biblequizcompetition.com/bible-questions-and-answers-hub/esther/ch7-advanced,1,1,100%,6
https://biblequizcompetition.com/public-quiz/hosea/chapter-12,1,1,100%,6
https://biblequizcompetition.com/public-quiz/jeremiah/chapter-18/intermediate,1,1,100%,7
https://biblequizcompetition.com/bible-questions-and-answers-hub/luke/ch8-beginner,1,1,100%,8
https://biblequizcompetition.com/english-songs/christ-the-savior-is-just-the-one-you-need,1,1,100%,11
https://biblequizcompetition.com/bible-questions-and-answers-hub/1-chronicles/ch15-beginner,1,1,100%,21
https://biblequizcompetition.com/bible-questions-and-answers-hub/2-john/ch1-beginner,1,1,100%,26
https://biblequizcompetition.com/bible-questions-and-answers-hub/john/ch14-advanced,1,1,100%,78
https://biblequizcompetition.com/songs/oru-vakku-chollan,0,181,0%,7.57
https://biblequizcompetition.com/hindi-songs/aa-prabhu-yeshu-aa,0,176,0%,7.04
https://biblequizcompetition.com/articles/quiz-scoring-explained,0,159,0%,10.09
https://biblequizcompetition.com/songs/vandanam-yeshu-para,0,123,0%,7.59
https://biblequizcompetition.com/songs/yeshuvodu-chernirippathethra,0,76,0%,8.79
https://biblequizcompetition.com/articles/quiz-strategies,0,65,0%,6.77
https://biblequizcompetition.com/songs/nandi-daivame-nandi-daivame,0,64,0%,7.56
https://biblequizcompetition.com/hindi-songs/aao-hum-yahova-ka-dhanyawad-kare,0,60,0%,8.7
https://biblequizcompetition.com/articles/bible-study-methods,0,50,0%,4.86
https://biblequizcompetition.com/songs/oru-nimisham-en-yesuvin-munpil,0,48,0%,7.85
https://biblequizcompetition.com/english-songs/christ-is-risen-hallelujah,0,47,0%,7.91
https://biblequizcompetition.com/hindi-songs/kuch-naya,0,47,0%,8.04
https://biblequizcompetition.com/songs/kai-neetti-nilkkunna-yeshunaadha,0,45,0%,7.78
https://biblequizcompetition.com/songs/uyarthidum-njan-ente-kankal,0,45,0%,13.11
https://biblequizcompetition.com/english-songs/how-i-praise-thee-precious-savior,0,44,0%,8.64
https://biblequizcompetition.com/songs/aarum-kothikkum-ninte-sneham,0,42,0%,14.76
https://biblequizcompetition.com/hindi-songs/hai-swargiye-pita-ham-aate-hai,0,38,0%,6.03
https://biblequizcompetition.com/public-quiz/deuteronomy/chapter-23,0,38,0%,6.53
https://biblequizcompetition.com/songs/kunje-neeyen-kayyil-chanjadumbol,0,37,0%,6.92
https://biblequizcompetition.com/english-songs/father-son-and-holy-ghost,0,34,0%,2.21
https://biblequizcompetition.com/songs/sthuthippin-sthuthippin-yesu-devane,0,34,0%,7.38
https://biblequizcompetition.com/songs/pettamma-marannalum-marakkatha-snehame,0,33,0%,9.24
https://biblequizcompetition.com/songs/idayane-vilichu-njan-karanjappol,0,33,0%,12.91
https://biblequizcompetition.com/songs/aakasha-mandalam-ninte-simhasanam,0,31,0%,7.13
https://biblequizcompetition.com/public-quiz/amos,0,31,0%,8.77
https://biblequizcompetition.com/public-quiz/zephaniah,0,31,0%,9.58
https://biblequizcompetition.com/hindi-songs/shukriya,0,30,0%,8.27
https://biblequizcompetition.com/songs/karthavin-snehathil-ennum-vasichiduvan,0,30,0%,10.3
https://biblequizcompetition.com/public-quiz/nehemiah/chapter-1/intermediate,0,29,0%,4.79
https://biblequizcompetition.com/songs/emmanuel-emmanuel-ninnodu-koode,0,29,0%,10.41
https://biblequizcompetition.com/hindi-songs/ab-tak-yahova-ne-sahaayata-ki,0,28,0%,3.5
https://biblequizcompetition.com/songs/njanum-ente-kudumbavum,0,28,0%,8.07
https://biblequizcompetition.com/hindi-songs/kuch-kamti-na-mujh-ko-hogi,0,27,0%,6.67
https://biblequizcompetition.com/songs/dhavidhe-polennum-nrutham,0,27,0%,8.11
https://biblequizcompetition.com/hindi-songs/aaya-hai-yeshu-aaya-hai,0,26,0%,10.65
https://biblequizcompetition.com/hindi-songs/aankho-ko-band-karlu,0,25,0%,4.96
https://biblequizcompetition.com/public-quiz/nehemiah/chapter-5,0,25,0%,7.24
https://biblequizcompetition.com/songs/nee-ente-sankethavum,0,25,0%,9.6
https://biblequizcompetition.com/songs/vazhiyarikil-pathikanayi,0,24,0%,7.04
https://biblequizcompetition.com/songs/mokshame-paadatte-njan,0,24,0%,7.92
https://biblequizcompetition.com/hindi-songs/mera-sahara,0,24,0%,8.12
https://biblequizcompetition.com/hindi-songs/hai-mere-man-yehova-ko-dhanya,0,23,0%,3.78
https://biblequizcompetition.com/songs/manna-jaya-jaya,0,23,0%,8.26
https://biblequizcompetition.com/english-songs/conquering-now-and-still-to-conquer,0,23,0%,8.87
https://biblequizcompetition.com/songs/akkare-nattile-nithya-bhavanam,0,23,0%,9
https://biblequizcompetition.com/songs/yeshuvente-koodeyundu,0,22,0%,4.86
https://biblequizcompetition.com/public-quiz/numbers/chapter-34,0,22,0%,5.86
https://biblequizcompetition.com/public-quiz/ezra,0,22,0%,7.82
https://biblequizcompetition.com/hindi-songs/dhanyawad-sada-prabhu-krist-tujhe,0,21,0%,7.33
https://biblequizcompetition.com/songs/ethramaathram-nee-paalikkunnenne,0,20,0%,5.65
https://biblequizcompetition.com/songs/pattu-padi-sthuthikkam-namukku-with,0,20,0%,7
https://biblequizcompetition.com/songs/nee-ente-sanketham,0,20,0%,7.15
https://biblequizcompetition.com/bible-questions-and-answers-hub/revelation/ch15-beginner,0,20,0%,7.95
https://biblequizcompetition.com/songs/praarthanakkutharam-nalkunnone,0,20,0%,8.6
https://biblequizcompetition.com/home,0,19,0%,6.26
https://biblequizcompetition.com/hindi-songs/maharaja-yeshu-tori,0,18,0%,5.67
https://biblequizcompetition.com/hindi-songs/aanand-aanand-aanand-hai,0,18,0%,5.72
https://biblequizcompetition.com/songs/ella-snehathinum-eattam-yogyanavan,0,18,0%,11.61
https://biblequizcompetition.com/english-songs/glory-everlasting-glory,0,18,0%,11.72
https://biblequizcompetition.com/songs/karuthunnavan-njan-allayo,0,18,0%,23.89
https://biblequizcompetition.com/songs/divya-karunyame-navya-snehame,0,17,0%,6.24
https://biblequizcompetition.com/hindi-songs/ham-yeshu-masih-ke-chele-hai,0,17,0%,7.06
https://biblequizcompetition.com/hindi-songs/taarif-taarif-mil-ke-karo-sare,0,17,0%,7.18
https://biblequizcompetition.com/songs/yeshu-manavalan-namme-cherkuvan,0,17,0%,9.24
https://biblequizcompetition.com/bible-questions-and-answers-hub/ezekiel/ch1-12-beginner,0,17,0%,9.53
https://biblequizcompetition.com/hindi-songs/saari-srishti-ke-malik-tumhi-ho,0,17,0%,11.71
https://biblequizcompetition.com/songs/nilavilikka-naam-nilavilikka,0,16,0%,4.5
https://biblequizcompetition.com/english-songs/free-from-the-lawoh-happy-condition,0,16,0%,8.06
https://biblequizcompetition.com/hindi-songs/kab-tak-khuda-mere-kabtak,0,16,0%,8.75
https://biblequizcompetition.com/public-quiz/esther/chapter-1/intermediate,0,16,0%,10.38
https://biblequizcompetition.com/articles/ruth-loyalty-devotion,0,15,0%,5.07
https://biblequizcompetition.com/songs/oru-vakku-kalppichennal,0,15,0%,5.13
https://biblequizcompetition.com/hindi-songs/aap-ki-mahima-aprampaar,0,15,0%,5.47
https://biblequizcompetition.com/public-quiz/ezra/chapter-1,0,15,0%,5.8
https://biblequizcompetition.com/articles/joseph-forgiveness-story,0,15,0%,6.2
https://biblequizcompetition.com/english-songs/blessing-and-honor-and-glory-be-thine,0,15,0%,6.6
https://biblequizcompetition.com/hindi-songs/aao-milkar-gaayein,0,15,0%,7
https://biblequizcompetition.com/songs/galeela-enna-nattil-yeshu,0,15,0%,9.33
https://biblequizcompetition.com/bible-questions-and-answers-hub/revelation/ch5-beginner,0,15,0%,9.93
https://biblequizcompetition.com/articles/moses-leadership-lessons,0,15,0%,11.53
https://biblequizcompetition.com/songs/en-daivam-nallavan-ennennume,0,15,0%,18.27
https://biblequizcompetition.com/english-songs/my-heart-is-hungry-my-spirit-doth-thirst,0,14,0%,5.71
https://biblequizcompetition.com/public-quiz/numbers/chapter-15,0,14,0%,5.79
https://biblequizcompetition.com/english-songs/camel-train,0,14,0%,6.29
https://biblequizcompetition.com/rules-and-prizes,0,14,0%,6.79
https://biblequizcompetition.com/songs/arhikkathathu-nalki-nee-enne,0,14,0%,7.43
https://biblequizcompetition.com/songs/onnu-thottal-mathy,0,14,0%,7.43
https://biblequizcompetition.com/public-quiz/ephesians/chapter-1,0,14,0%,8.07
https://biblequizcompetition.com/songs/adavi-tharukkalin-idayil,0,14,0%,10.79
https://biblequizcompetition.com/songs/devesa-yesupara,0,14,0%,12.93
https://biblequizcompetition.com/songs/anugrahathin-adhipathiye,0,13,0%,6.31
https://biblequizcompetition.com/public-quiz/deuteronomy/chapter-5,0,13,0%,6.54
https://biblequizcompetition.com/songs/ithratholam-enne-kondu-vanneeduvan,0,13,0%,7.15
https://biblequizcompetition.com/songs/mohathinte-therileri-pokaruthe,0,13,0%,7.23
https://biblequizcompetition.com/songs/baliyay-thiru-munpil-nalkan,0,13,0%,7.92
https://biblequizcompetition.com/bible-questions-and-answers-hub/acts/ch9-beginner,0,13,0%,9.62
https://biblequizcompetition.com/articles/inductive-bible-study,0,13,0%,11.62
https://biblequizcompetition.com/songs/manassinte-aashakal,0,12,0%,5.67
https://biblequizcompetition.com/kids-stories/queen-esthers-big-choice,0,12,0%,5.92
https://biblequizcompetition.com/hindi-songs/aasmaan-bayan-karte,0,12,0%,7
https://biblequizcompetition.com/hindi-songs/bhajne-aaye-hain-pitaaji,0,12,0%,7.5
https://biblequizcompetition.com/articles/quiz-time-management,0,12,0%,8
https://biblequizcompetition.com/hindi-songs/zinda-khuda,0,12,0%,8
https://biblequizcompetition.com/english-songs/eternal-light-eternal-light,0,12,0%,8.17
https://biblequizcompetition.com/hindi-songs/jab-se-pyaaraa-yeshu-aayaa,0,12,0%,9.25
https://biblequizcompetition.com/public-quiz/luke/chapter-4,0,11,0%,3.82
https://biblequizcompetition.com/articles/complete-quiz-guide,0,11,0%,4.55
https://biblequizcompetition.com/songs/ninte-sneham-ente-praananu,0,11,0%,5.73
https://biblequizcompetition.com/songs/paradesiyay-njan-paarkkunnihe-nadha,0,11,0%,5.91
https://biblequizcompetition.com/articles/esther-strategic-wisdom,0,11,0%,6
https://biblequizcompetition.com/songs/enikkai-marichavane,0,11,0%,6
https://biblequizcompetition.com/songs/njan-orikkal-njan-orikkal,0,11,0%,6
https://biblequizcompetition.com/songs/yeshuvine-kaanenam,0,11,0%,6.73
https://biblequizcompetition.com/songs/daivame-thiru-sannidhiyil,0,11,0%,7
https://biblequizcompetition.com/songs/penthicostu-naalil-munmazha-peyyicha,0,11,0%,7.09
https://biblequizcompetition.com/songs/stuthi-stuthi-en-maname,0,11,0%,7.73
https://biblequizcompetition.com/songs/neeyente-sarvavum-by-chikku-kuriakose,0,11,0%,8
https://biblequizcompetition.com/bible-questions-and-answers-hub/revelation/ch12-beginner,0,11,0%,8.27
https://biblequizcompetition.com/articles/quiz-recovery-strategies,0,11,0%,8.36
https://biblequizcompetition.com/songs/maharajan-yeshu-nadhan,0,11,0%,8.73
https://biblequizcompetition.com/songs/seeyon-yaathrayathil-maname,0,11,0%,9.09
https://biblequizcompetition.com/bible-questions-and-answers-hub/leviticus,0,11,0%,9.18
https://biblequizcompetition.com/hindi-songs/yeshu-ka-naam-sukhdayi,0,11,0%,9.18
https://biblequizcompetition.com/public-quiz/haggai,0,11,0%,9.27
https://biblequizcompetition.com/bible-questions-and-answers-hub/1-corinthians/ch1-beginner,0,11,0%,11.91
https://biblequizcompetition.com/songs/krupayerum-karthavil-en-viswasam,0,11,0%,18.27
https://biblequizcompetition.com/songs/nallathu-kaanuvan-nanmakal-cheyyuvan,0,10,0%,5.5
https://biblequizcompetition.com/hindi-songs/yahowa-ki-stuti-karo,0,10,0%,5.8
https://biblequizcompetition.com/hindi-songs/daro-mat-chup-chap-khade-raho,0,10,0%,6.1
https://biblequizcompetition.com/hindi-songs/aaya-masih,0,10,0%,6.4
https://biblequizcompetition.com/public-quiz/isaiah/chapter-1,0,10,0%,6.6
https://biblequizcompetition.com/songs/aaradhikumpol-viduthal,0,10,0%,6.7
https://biblequizcompetition.com/songs/orikkalum-marakkuvan-kazhiyathe,0,10,0%,6.7
https://biblequizcompetition.com/songs/vannu-aayirangal-aakularayi,0,10,0%,6.7
https://biblequizcompetition.com/songs/ezhunnallunneshu-rajavai,0,10,0%,7.1
https://biblequizcompetition.com/apna-bojh-prabhu-par-daal-lyrics-chords,0,10,0%,7.3
https://biblequizcompetition.com/songs/mararuthe-mugham-maraykkaruthe,0,10,0%,7.7
https://biblequizcompetition.com/songs/ithrayum-sneham-enthinen-daivame,0,10,0%,8
https://biblequizcompetition.com/english-songs/all-my-doubts-i-give-to-jesus,0,10,0%,8.1
https://biblequizcompetition.com/songs/vishudhiye-thikachu-nam,0,10,0%,8.1
https://biblequizcompetition.com/songs/azhangal-thedunna-daivam,0,10,0%,8.4
https://biblequizcompetition.com/public-quiz/3-john,0,10,0%,8.8
https://biblequizcompetition.com/songs/jeevane-en-jeevane,0,10,0%,9
https://biblequizcompetition.com/articles/team-quiz-strategies,0,10,0%,9.5
https://biblequizcompetition.com/hindi-songs/hum-gaye-hosanna,0,10,0%,10.8
https://biblequizcompetition.com/songs/bhayappedilla-njan-bhayappedilla,0,10,0%,13.6
https://biblequizcompetition.com/songs/nin-dhanam-njan-anubhavichu,0,10,0%,14.8
https://biblequizcompetition.com/articles/abraham-faith-journey,0,10,0%,34.4
https://biblequizcompetition.com/hindi-songs/basera,0,9,0%,4.33
https://biblequizcompetition.com/public-quiz/2-timothy/chapter-3,0,9,0%,5.11
https://biblequizcompetition.com/hindi-songs/ab-sham-ke-waqt-khudavand-ko,0,9,0%,6.78
https://biblequizcompetition.com/songs/inimel-enikkillor-bhayam,0,9,0%,6.89
https://biblequizcompetition.com/bible-questions-and-answers-hub/revelation/ch2-beginner,0,9,0%,7.67
https://biblequizcompetition.com/english-songs/begin-the-day-with-god,0,9,0%,8.44
https://biblequizcompetition.com/songs/njanum-priyanamen-yeshuve-kaanum,0,9,0%,8.44
https://biblequizcompetition.com/songs/rakshakane-kathirunna-nammal,0,9,0%,8.67
https://biblequizcompetition.com/articles/bible-study-technology,0,9,0%,9.22
https://biblequizcompetition.com/bible-questions-and-answers-hub/john/ch9-beginner,0,9,0%,9.44
https://biblequizcompetition.com/songs/karthavil-santhosham-avanen-balam,0,9,0%,17.44
https://biblequizcompetition.com/bible-questions-and-answers-hub/job/ch15-advanced,0,8,0%,2.38
https://biblequizcompetition.com/songs/balavaanam-daivam-parishudhan,0,8,0%,3
https://biblequizcompetition.com/public-quiz/judges/chapter-8/beginner,0,8,0%,4.12
https://biblequizcompetition.com/public-quiz/john/chapter-4,0,8,0%,4.62
https://biblequizcompetition.com/public-quiz/2-chronicles/chapter-35,0,8,0%,4.75
https://biblequizcompetition.com/bible-questions-and-answers-hub/numbers/ch31-beginner,0,8,0%,4.88
https://biblequizcompetition.com/public-quiz/revelation/chapter-13,0,8,0%,6.25
https://biblequizcompetition.com/songs/njan-odi-ninnil-anayunne-by-chikku-kuriakose,0,8,0%,6.25
https://biblequizcompetition.com/bible-questions-and-answers-hub/revelation/ch17-advanced,0,8,0%,6.62
https://biblequizcompetition.com/bible-questions-and-answers-hub/titus,0,8,0%,6.62
https://biblequizcompetition.com/hindi-songs/parbaton-ko-dekhunga-main,0,8,0%,7.38
https://biblequizcompetition.com/songs/karthavariyathe-enikkonnum-bhavikkayilla,0,8,0%,7.38
https://biblequizcompetition.com/songs/nashtangalilum-pathridalle,0,8,0%,7.5
https://biblequizcompetition.com/songs/yeshuvinte-rekthathal-veendedukka-pettatham,0,8,0%,7.5
https://biblequizcompetition.com/hindi-songs/yeshu-ne-khoon-bahaya-tha,0,8,0%,7.88
https://biblequizcompetition.com/public-quiz/jonah,0,8,0%,8.5
https://biblequizcompetition.com/bible-questions-and-answers-hub/revelation/ch22-beginner,0,8,0%,8.88
https://biblequizcompetition.com/songs/enthathisayame-daivathin-sneham-undefined,0,8,0%,9
https://biblequizcompetition.com/songs/kunjilam-umma-tharan,0,8,0%,9.25
https://biblequizcompetition.com/songs/vaanampadi-padum-polennullam,0,8,0%,9.38
https://biblequizcompetition.com/public-quiz/1-kings,0,8,0%,10.12
https://biblequizcompetition.com/songs/yeshu-mahonnathane-mahonnathane,0,8,0%,10.25
https://biblequizcompetition.com/songs/en-premageethamam-by-chikku-kuriakose,0,8,0%,11.62
https://biblequizcompetition.com/bible-questions-and-answers-hub/1-samuel/ch19-beginner,0,8,0%,12
https://biblequizcompetition.com/english-songs/almost-persuaded,0,8,0%,12.12
https://biblequizcompetition.com/songs/vithacheeduka-naam-swargathille-vitham,0,8,0%,13.25
https://biblequizcompetition.com/hindi-songs/neele-asmaan-ke-paar,0,8,0%,15.62
https://biblequizcompetition.com/bible-questions-and-answers-hub/john/ch1-beginner,0,8,0%,27.75
https://biblequizcompetition.com/articles/competition-psychology,0,8,0%,35
https://biblequizcompetition.com/english-songs/blessed-assurance,0,8,0%,45.25
https://biblequizcompetition.com/hosting-guide,0,7,0%,2.86
https://biblequizcompetition.com/kids-stories/moses-and-the-parting-sea,0,7,0%,5
https://biblequizcompetition.com/public-quiz/matthew/chapter-16,0,7,0%,5
https://biblequizcompetition.com/hindi-songs/khush-ho-ki-yeshu-aaya-hai,0,7,0%,5.86
https://biblequizcompetition.com/bible-questions-and-answers-hub/revelation/ch18-advanced,0,7,0%,6
https://biblequizcompetition.com/songs/here-i-am-to-worship,0,7,0%,6.14
https://biblequizcompetition.com/songs/anandhame-anandhame-athmavil,0,7,0%,6.29
https://biblequizcompetition.com/hindi-songs/masiha,0,7,0%,6.57
https://biblequizcompetition.com/songs/ithratholam-nadathiya-daivame,0,7,0%,6.57
https://biblequizcompetition.com/english-songs/wait-on-jehovah-our-strength-to-restore,0,7,0%,6.86
https://biblequizcompetition.com/hindi-songs/aa-yeshu-paas-aa,0,7,0%,6.86
https://biblequizcompetition.com/public-quiz/exodus/chapter-7,0,7,0%,6.86
https://biblequizcompetition.com/songs/aa-karatharil-mughamonnamarthy,0,7,0%,7
https://biblequizcompetition.com/songs/yeshuve-ninte-roopameeyente,0,7,0%,7
https://biblequizcompetition.com/bible-questions-and-answers-hub/numbers/ch4-advanced,0,7,0%,7.14
https://biblequizcompetition.com/songs/lokamanu-ninte-aashayenkil,0,7,0%,7.14
https://biblequizcompetition.com/english-songs/seven-spirits-of-our-god,0,7,0%,7.29
https://biblequizcompetition.com/english-songs/this-is-the-time-for-building-the-temple-of-the-lord,0,7,0%,7.43
https://biblequizcompetition.com/bible-questions-and-answers-hub/zechariah/ch14-advanced,0,7,0%,8
https://biblequizcompetition.com/english-songs/earthly-pleasures-vainly-call-me,0,7,0%,8.14
https://biblequizcompetition.com/hindi-songs/chhod-na-mujhe-pyaare-yeshu,0,7,0%,8.43
https://biblequizcompetition.com/songs/daivathinte-sampathanu-naam,0,7,0%,8.57
https://biblequizcompetition.com/hindi-songs/aao-aao-sunday-school-chalein-children-christian-song,0,7,0%,8.71
https://biblequizcompetition.com/bible-questions-and-answers-hub/proverbs/ch2-advanced,0,7,0%,9.43
https://biblequizcompetition.com/public-quiz/joshua/chapter-14/beginner,0,7,0%,10.14
https://biblequizcompetition.com/bible-questions-and-answers-hub/hosea,0,7,0%,10.43
https://biblequizcompetition.com/public-quiz/isaiah,0,7,0%,10.43
https://biblequizcompetition.com/articles/love-gods-greatest-commandment,0,7,0%,11
https://biblequizcompetition.com/songs/shobhayerum-or-nadundathu,0,7,0%,11
https://biblequizcompetition.com/songs/krushil-kandu-njan-nin-snehathe,0,7,0%,14
https://biblequizcompetition.com/articles/question-pattern-recognition,0,7,0%,15.29
https://biblequizcompetition.com/hindi-songs/le-chal-mujhe,0,7,0%,16.14
https://biblequizcompetition.com/songs/krooshin-maravil-njan-varunnitha-enne,0,7,0%,16.14
https://biblequizcompetition.com/bible-questions-and-answers-hub/1-chronicles/ch1-12-beginner,0,7,0%,18.29
https://biblequizcompetition.com/songs/daivathe-marannu-kunje-by-chithra,0,7,0%,27.14
https://biblequizcompetition.com/songs/aalayil-aadukal-eareyundenkilum,0,6,0%,2.83
https://biblequizcompetition.com/songs/innayolam-enne-nadathy,0,6,0%,3
https://biblequizcompetition.com/hindi-songs/ishwar-ko-jai-jaikaar,0,6,0%,4.17
https://biblequizcompetition.com/songs/ente-ullathil-prathyasha,0,6,0%,4.17
https://biblequizcompetition.com/english-songs/all-praise-to-him-who-reigns-on-high,0,6,0%,4.67
https://biblequizcompetition.com/public-quiz/genesis/chapter-30,0,6,0%,4.83
https://biblequizcompetition.com/hindi-songs/khazana,0,6,0%,5
https://biblequizcompetition.com/bible-questions-and-answers-hub/numbers/ch33-beginner,0,6,0%,5.33
https://biblequizcompetition.com/public-quiz/joshua/chapter-11/advanced,0,6,0%,5.5
https://biblequizcompetition.com/public-quiz/exodus/chapter-24,0,6,0%,5.67
https://biblequizcompetition.com/public-quiz/exodus/chapter-23/intermediate,0,6,0%,5.83
https://biblequizcompetition.com/public-quiz/genesis/chapter-39,0,6,0%,5.83
https://biblequizcompetition.com/public-quiz/revelation/chapter-19,0,6,0%,5.83
https://biblequizcompetition.com/public-quiz/ruth/chapter-1,0,6,0%,6
https://biblequizcompetition.com/bible-questions-and-answers-hub/luke/ch8-advanced,0,6,0%,6.17
https://biblequizcompetition.com/public-quiz/ephesians/chapter-3,0,6,0%,6.17
https://biblequizcompetition.com/public-quiz/numbers/chapter-1/advanced,0,6,0%,6.17
https://biblequizcompetition.com/songs/aathmasanthosham-kondanandippan,0,6,0%,6.17
https://biblequizcompetition.com/songs/aradhikkum-ente-daivathe,0,6,0%,6.17
https://biblequizcompetition.com/bible-questions-and-answers-hub/job/ch10-advanced,0,6,0%,6.33
https://biblequizcompetition.com/hindi-songs/chalo-goshala-chalein,0,6,0%,6.33
https://biblequizcompetition.com/public-quiz/acts/chapter-21,0,6,0%,6.33
https://biblequizcompetition.com/hindi-songs/aaya-re-aaya-re,0,6,0%,6.5
https://biblequizcompetition.com/public-quiz/luke/chapter-20,0,6,0%,6.67
https://biblequizcompetition.com/bible-questions-and-answers-hub/luke/ch11-advanced,0,6,0%,6.83
https://biblequizcompetition.com/english-songs/glory-honor-praise-and-power,0,6,0%,7.17
https://biblequizcompetition.com/hindi-songs/aaj-ka-din,0,6,0%,7.17
https://biblequizcompetition.com/articles/esther-courage-story,0,6,0%,7.33
https://biblequizcompetition.com/hindi-songs/yeshu-ko-main-sabh-kuch-deta,0,6,0%,7.33
https://biblequizcompetition.com/public-quiz/joshua/chapter-14,0,6,0%,7.33
https://biblequizcompetition.com/songs/mahal-sneham-mahal-sneham,0,6,0%,7.33
https://biblequizcompetition.com/songs/oru-naal-daivam-enne-vilichu,0,6,0%,7.33
https://biblequizcompetition.com/bible-questions-and-answers-hub/1-samuel/ch19-advanced,0,6,0%,7.5
https://biblequizcompetition.com/articles/forgiveness-healing-power,0,6,0%,7.83
https://biblequizcompetition.com/songs/nin-maha-snehameshuve,0,6,0%,7.83
https://biblequizcompetition.com/public-quiz/genesis/chapter-29/advanced,0,6,0%,8
https://biblequizcompetition.com/songs/yeshu-varunne-ponneshu-varunne,0,6,0%,8.33
https://biblequizcompetition.com/english-songs/face-to-face-with-christ-my-savior,0,6,0%,9.33
https://biblequizcompetition.com/public-quiz/genesis/chapter-45/advanced,0,6,0%,9.5
https://biblequizcompetition.com/english-songs/gone-from-my-heart-the-world-and-all-its-charms,0,6,0%,10
https://biblequizcompetition.com/public-quiz/habakkuk,0,6,0%,10.17
https://biblequizcompetition.com/public-quiz/psalms/chapter-15,0,6,0%,10.33
https://biblequizcompetition.com/bible-questions-and-answers-hub/ephesians/ch2-beginner,0,6,0%,10.5
https://biblequizcompetition.com/songs/ennikothasha-varum-parvatham,0,6,0%,11.5
https://biblequizcompetition.com/english-songs/burning-burning-we-are-burning,0,6,0%,13.67
https://biblequizcompetition.com/songs/ninte-hitham-pole-enne,0,6,0%,14.17
https://biblequizcompetition.com/songs/yeshuvin-snehathal-ennullam,0,6,0%,15.5
https://biblequizcompetition.com/public-quiz/mark,0,6,0%,19.17
https://biblequizcompetition.com/bible-questions-and-answers-hub/nehemiah/ch11-beginner,0,6,0%,22
https://biblequizcompetition.com/bible-questions-and-answers-hub/nehemiah/ch12-beginner,0,6,0%,25.33
https://biblequizcompetition.com/songs/ithuvareyenne-karuthiya-nadha,0,6,0%,41.17
https://biblequizcompetition.com/songs/pranapriya-yeshunaadha-by-chikku-kuriakose,0,5,0%,1.6
https://biblequizcompetition.com/articles/quiz-difficulty-levels,0,5,0%,2.6
https://biblequizcompetition.com/public-quiz/1-chronicles/chapter-27,0,5,0%,3
https://biblequizcompetition.com/bible-questions-and-answers-hub/psalms/ch32-advanced,0,5,0%,3.6
https://biblequizcompetition.com/bible-questions-and-answers-hub/psalms/ch6-advanced,0,5,0%,4
https://biblequizcompetition.com/english-songs/christ-has-called-us-once-to-him,0,5,0%,4.2
https://biblequizcompetition.com/bible-questions-and-answers-hub/luke/ch4-advanced,0,5,0%,4.8
https://biblequizcompetition.com/english-songs/mystry-hid-from-ages-now-revealed-to-me,0,5,0%,4.8
https://biblequizcompetition.com/public-quiz/leviticus/chapter-13,0,5,0%,4.8
https://biblequizcompetition.com/bible-questions-and-answers-hub/job/ch36-beginner,0,5,0%,5.2
https://biblequizcompetition.com/bible-questions-and-answers-hub/psalms/ch25-36-beginner,0,5,0%,5.2
https://biblequizcompetition.com/english-songs/changed-into-his-likeness,0,5,0%,5.2
https://biblequizcompetition.com/bible-questions-and-answers-hub/luke/ch21-beginner,0,5,0%,5.6
https://biblequizcompetition.com/english-songs/far-far-away-in-heathen-darkness-dwelling,0,5,0%,5.6
https://biblequizcompetition.com/songs/mahimayezhum-paramesha,0,5,0%,5.6
https://biblequizcompetition.com/public-quiz/matthew/chapter-9,0,5,0%,5.8
https://biblequizcompetition.com/songs/eliavin-daivame-nee,0,5,0%,6
https://biblequizcompetition.com/songs/jeevithamam-ala-kadalil,0,5,0%,6
https://biblequizcompetition.com/hindi-songs/na-to-bal-se,0,5,0%,6.2
https://biblequizcompetition.com/public-quiz/luke/chapter-24/beginner,0,5,0%,6.2
https://biblequizcompetition.com/public-quiz/proverbs/chapter-12,0,5,0%,6.2
https://biblequizcompetition.com/match-3-game,0,5,0%,6.4
https://biblequizcompetition.com/songs/en-manassinte-vedanakal,0,5,0%,6.4
https://biblequizcompetition.com/songs/vandhaname-yeshu-rekshakanen,0,5,0%,6.4
https://biblequizcompetition.com/bible-questions-and-answers-hub/zechariah/ch2-beginner,0,5,0%,6.6
https://biblequizcompetition.com/hindi-songs/agni-jala-mujmein-agni-jala,0,5,0%,6.6
https://biblequizcompetition.com/songs/daivame-njanoru-paapiyanu,0,5,0%,6.6
https://biblequizcompetition.com/bible-questions-and-answers-hub/luke/ch12-advanced,0,5,0%,6.8
https://biblequizcompetition.com/articles/quiz-navigation-guide,0,5,0%,7
https://biblequizcompetition.com/bible-questions-and-answers-hub/joshua/ch15-beginner,0,5,0%,7
https://biblequizcompetition.com/english-songs/glorious-christ-in-the-beginning,0,5,0%,7
https://biblequizcompetition.com/songs/enneshu-raajanuyarthezhunnettu,0,5,0%,7
https://biblequizcompetition.com/english-songs/my-wandering-days-grew-increasingly-empty,0,5,0%,7.2
https://biblequizcompetition.com/hindi-songs/aaradhana-teri-aaradhana,0,5,0%,7.2
https://biblequizcompetition.com/public-quiz/matthew/chapter-17,0,5,0%,7.2
https://biblequizcompetition.com/songs/unarvin-kodumkatte-nee,0,5,0%,7.2
https://biblequizcompetition.com/bible-questions-and-answers-hub/job/ch2-advanced,0,5,0%,7.4
https://biblequizcompetition.com/songs/ha-manoharam-yahe-ninte-aalayam,0,5,0%,7.4
https://biblequizcompetition.com/english-songs/around-thy-table-holy-lord,0,5,0%,7.6
https://biblequizcompetition.com/songs/manamuruki-karayunnore,0,5,0%,7.6
https://biblequizcompetition.com/public-quiz/exodus/chapter-34/intermediate,0,5,0%,7.8
https://biblequizcompetition.com/songs/israyelin-naadhanai-vaazhum-by-kgmarkose,0,5,0%,7.8
https://biblequizcompetition.com/songs/yeshu-en-athmasakhe,0,5,0%,7.8
https://biblequizcompetition.com/articles/leaderboard-tips,0,5,0%,8
https://biblequizcompetition.com/articles/quiz-feedback-system,0,5,0%,8
https://biblequizcompetition.com/public-quiz/ephesians/chapter-6/advanced,0,5,0%,8
https://biblequizcompetition.com/public-quiz/judges/chapter-15,0,5,0%,8
https://biblequizcompetition.com/bible-questions-and-answers-hub/romans/ch13-16-beginner,0,5,0%,8.2
https://biblequizcompetition.com/hindi-songs/gao-gao-aur-lalkaaro,0,5,0%,8.2
https://biblequizcompetition.com/songs/daivathinte-kunjade-nee-yogyan,0,5,0%,8.2
https://biblequizcompetition.com/public-quiz/1-samuel/chapter-31/intermediate,0,5,0%,8.4
https://biblequizcompetition.com/bible-questions-and-answers-hub/genesis/ch22-advanced,0,5,0%,8.6
https://biblequizcompetition.com/hindi-songs/kurbaan-hua,0,5,0%,8.8
https://biblequizcompetition.com/public-quiz/genesis/chapter-36,0,5,0%,8.8
https://biblequizcompetition.com/bible-questions-and-answers-hub/isaiah/ch61-advanced,0,5,0%,9
https://biblequizcompetition.com/songs/enne-kaipidichu-nadathunna-sneham,0,5,0%,9.6
https://biblequizcompetition.com/songs/enthekum-njan-by-chikku-kuriakose,0,5,0%,9.6
https://biblequizcompetition.com/english-songs/christ-is-lifes-source-unlimited,0,5,0%,10.2
https://biblequizcompetition.com/articles/competition-preparation,0,5,0%,10.4
https://biblequizcompetition.com/public-quiz/hosea,0,5,0%,11.2
https://biblequizcompetition.com/bible-questions-and-answers-hub/genesis,0,5,0%,12.4
https://biblequizcompetition.com/bible-questions-and-answers-hub/john/ch14-beginner,0,5,0%,19.8
https://biblequizcompetition.com/songs/nandiyode-njan-sthuthi-by-chikku-kuriakose,0,5,0%,20.2
https://biblequizcompetition.com/songs/aayirangal-veenalum,0,5,0%,23
https://biblequizcompetition.com/songs/enni-enni-sthuthikkuvan,0,5,0%,24.2
https://biblequizcompetition.com/english-songs/dearest-of-all-is-he,0,4,0%,1
https://biblequizcompetition.com/public-quiz/zechariah/chapter-3/advanced,0,4,0%,2
https://biblequizcompetition.com/bible-questions-and-answers-hub/job/ch24-beginner,0,4,0%,3
https://biblequizcompetition.com/songs/ajapaalakan-alivullavan,0,4,0%,3
https://biblequizcompetition.com/bible-questions-and-answers-hub/job/ch27-advanced,0,4,0%,3.25
https://biblequizcompetition.com/hindi-songs/main-dakhlata-hun,0,4,0%,3.5
https://biblequizcompetition.com/english-songs/buried-with-christ-and-raised-with-him-too,0,4,0%,3.75
https://biblequizcompetition.com/public-quiz/psalms/chapter-136/intermediate,0,4,0%,3.75
https://biblequizcompetition.com/public-quiz/deuteronomy/chapter-20,0,4,0%,4
https://biblequizcompetition.com/public-quiz/isaiah/chapter-5,0,4,0%,4
https://biblequizcompetition.com/english-songs/gods-kingdom-is-gods-reigning,0,4,0%,4.25
https://biblequizcompetition.com/english-songs/this-is-my-wonderful-story,0,4,0%,4.25
https://biblequizcompetition.com/hindi-songs/pyaara-masih-pyaara-masih,0,4,0%,4.25
https://biblequizcompetition.com/songs/arokke-enne-pirinjalum,0,4,0%,4.25
https://biblequizcompetition.com/hindi-songs/jesus-is-here-now,0,4,0%,4.5
https://biblequizcompetition.com/songs/anugrahakkadale-ezhunnalli,0,4,0%,4.5
https://biblequizcompetition.com/songs/yeshuve-ente-daivame,0,4,0%,4.5
https://biblequizcompetition.com/public-quiz/genesis/chapter-32/beginner,0,4,0%,4.75
https://biblequizcompetition.com/songs/aradhikkam-en-yeshuvine,0,4,0%,4.75
https://biblequizcompetition.com/bible-questions-and-answers-hub/numbers/ch27-beginner,0,4,0%,5.25
https://biblequizcompetition.com/english-songs/flow-through-me-lord-a-weak-and-earthly-vessel,0,4,0%,5.25
https://biblequizcompetition.com/public-quiz/1-samuel/chapter-21/verse-1,0,4,0%,5.25
https://biblequizcompetition.com/public-quiz/job,0,4,0%,5.25
https://biblequizcompetition.com/songs/rekshithavine-kanka-paapi,0,4,0%,5.25
https://biblequizcompetition.com/bible-questions-and-answers-hub/psalms/ch32-beginner,0,4,0%,5.5
https://biblequizcompetition.com/english-songs/abba-father-we-adore-thee,0,4,0%,5.5
https://biblequizcompetition.com/english-songs/god-gave-his-son-to-man-to-be,0,4,0%,5.5
https://biblequizcompetition.com/public-quiz/hosea/chapter-9,0,4,0%,5.5
https://biblequizcompetition.com/songs/bhaktharin-viswasa-jeevitham,0,4,0%,5.5
https://biblequizcompetition.com/songs/ente-pranasakhi-yeshuvei,0,4,0%,5.75
https://biblequizcompetition.com/bible-questions-and-answers-hub/ecclesiastes/ch5-advanced,0,4,0%,6
https://biblequizcompetition.com/bible-questions-and-answers-hub/esther/ch8-beginner,0,4,0%,6
https://biblequizcompetition.com/bible-questions-and-answers-hub/matthew/ch24-advanced,0,4,0%,6
https://biblequizcompetition.com/public-quiz/job/chapter-24/verse-1,0,4,0%,6
https://biblequizcompetition.com/songs/en-sankadangal-sakalathum,0,4,0%,6
https://biblequizcompetition.com/bible-questions-and-answers-hub/numbers/ch35-advanced,0,4,0%,6.25
https://biblequizcompetition.com/english-songs/along-the-shores-of-galilee,0,4,0%,6.25
https://biblequizcompetition.com/english-songs/god-you-are-now-rearranging-my-way,0,4,0%,6.25
https://biblequizcompetition.com/hindi-songs/oho-masih-aaya,0,4,0%,6.25
https://biblequizcompetition.com/public-quiz/luke/chapter-17,0,4,0%,6.25
https://biblequizcompetition.com/bible-questions-and-answers-hub/acts/ch20-beginner,0,4,0%,6.5
https://biblequizcompetition.com/songs/emmanuel-than-chankathil,0,4,0%,6.5
https://biblequizcompetition.com/songs/manassode-shapa-marathil-thoongiya,0,4,0%,6.5
https://biblequizcompetition.com/songs/seeyon-manalane-shalemin-priyane,0,4,0%,6.5
https://biblequizcompetition.com/hindi-songs/sang-tere,0,4,0%,6.75
https://biblequizcompetition.com/public-quiz/exodus/chapter-9,0,4,0%,6.75
https://biblequizcompetition.com/songs/enikkai-karuthunnavan,0,4,0%,6.75
https://biblequizcompetition.com/bible-questions-and-answers-hub/numbers/ch26-advanced,0,4,0%,7
https://biblequizcompetition.com/english-songs/i-have-a-savior-hes-pleading-in-glory-revised,0,4,0%,7
https://biblequizcompetition.com/english-songs/the-whole-world-was-lost-in-the-darkness-of-sin,0,4,0%,7
https://biblequizcompetition.com/hindi-songs/yeshu-naam-gaate-rahenge,0,4,0%,7
https://biblequizcompetition.com/public-quiz/genesis/chapter-49,0,4,0%,7
https://biblequizcompetition.com/songs/enthathisayame-daivathin-sneham,0,4,0%,7
https://biblequizcompetition.com/songs/kondu-vannilla-neeyonnum,0,4,0%,7
https://biblequizcompetition.com/songs/yeshuvin-janame-bhayamenthinakame,0,4,0%,7
https://biblequizcompetition.com/english-songs/lord-alone-im-powerless,0,4,0%,7.25
https://biblequizcompetition.com/hindi-christian-songs-lyrics-chords,0,4,0%,7.25
https://biblequizcompetition.com/hindi-songs/prabhu-hamare-swami-hamare,0,4,0%,7.25
https://biblequizcompetition.com/songs/karthavinte-divasam-aduthirikkum,0,4,0%,7.25
https://biblequizcompetition.com/bible-questions-and-answers-hub/1-timothy/ch5-advanced,0,4,0%,7.5
https://biblequizcompetition.com/songs/enne-cherppan-vannavane,0,4,0%,7.5
https://biblequizcompetition.com/songs/ponnesu-thamburan,0,4,0%,7.5
https://biblequizcompetition.com/bible-questions-and-answers-hub/luke/ch11-beginner,0,4,0%,7.75
https://biblequizcompetition.com/english-songs/are-you-ready-god-to-meet,0,4,0%,7.75
https://biblequizcompetition.com/english-songs/fresh-as-the-dew-of-the-morning,0,4,0%,7.75
https://biblequizcompetition.com/songs/daivame-ange-snehamarnnulla,0,4,0%,7.75
https://biblequizcompetition.com/songs/daivathin-sneham-ha-ethra,0,4,0%,7.75
https://biblequizcompetition.com/english-songs/come-into-my-heart-o-lord-jesus,0,4,0%,8
https://biblequizcompetition.com/songs/maname-pakshiganangngal,0,4,0%,8
https://biblequizcompetition.com/kids-stories,0,4,0%,8.25
https://biblequizcompetition.com/songs/anthya-kalam-anthya-kalam,0,4,0%,8.25
https://biblequizcompetition.com/public-quiz/2-peter/chapter-1,0,4,0%,8.5
https://biblequizcompetition.com/songs/athmave-agniyay-nireyename,0,4,0%,8.5
https://biblequizcompetition.com/bible-questions-and-answers-hub/2-corinthians/ch4-advanced,0,4,0%,8.75
https://biblequizcompetition.com/bible-questions-and-answers-hub/revelation/ch3-advanced,0,4,0%,8.75
https://biblequizcompetition.com/english-songs/from-greenlands-icy-mountains,0,4,0%,8.75
https://biblequizcompetition.com/english-songs/abba-father-we-approach-thee,0,4,0%,9
https://biblequizcompetition.com/english-songs/forward-be-our-watchword,0,4,0%,9
https://biblequizcompetition.com/public-quiz/1-corinthians/chapter-8/intermediate,0,4,0%,9
https://biblequizcompetition.com/songs/nallavane-nal-vazhi-kaatty,0,4,0%,9
https://biblequizcompetition.com/songs/yahova-yire-yahova-yire,0,4,0%,9
https://biblequizcompetition.com/songs/yeshuvin-thiru-paadhathil,0,4,0%,9
https://biblequizcompetition.com/hindi-songs/pavitra-aatma-aa,0,4,0%,9.25
https://biblequizcompetition.com/songs/visrama-naattil-njan-etheedumbol,0,4,0%,9.25
https://biblequizcompetition.com/bible-questions-and-answers-hub/mark/ch3-advanced,0,4,0%,9.5
https://biblequizcompetition.com/songs/aakasam-maarum-bhoothalavum-maarum,0,4,0%,9.5
https://biblequizcompetition.com/songs/ellam-danamallo-ellam-danamallo,0,4,0%,9.75
https://biblequizcompetition.com/bible-questions-and-answers-hub/nehemiah/ch4-beginner,0,4,0%,10
https://biblequizcompetition.com/public-quiz/ephesians,0,4,0%,11.75
https://biblequizcompetition.com/songs/innu-kanda-misrayeemyane-kaanukayilla,0,4,0%,12.75
https://biblequizcompetition.com/songs/lokamam-gambhira-varidhiyil,0,4,0%,13
https://biblequizcompetition.com/songs/kanunnu-njan-yahil,0,4,0%,13.25
https://biblequizcompetition.com/songs/sthuthichiduvin-keerthanangal,0,4,0%,13.25
https://biblequizcompetition.com/public-quiz/ruth,0,4,0%,14.5
https://biblequizcompetition.com/bible-questions-and-answers-hub/job/ch26-beginner,0,4,0%,15.25
https://biblequizcompetition.com/songs/sthuthi-chey-maname,0,4,0%,15.25
https://biblequizcompetition.com/songs/aaradhyan-yesupara-vanangunnu,0,4,0%,15.75
https://biblequizcompetition.com/bible-questions-and-answers-hub/revelation/ch10-advanced,0,4,0%,16.25
https://biblequizcompetition.com/songs/en-priyane-yeshuve-rakshaka,0,4,0%,16.75
https://biblequizcompetition.com/bible-questions-and-answers-hub/mark/ch1-beginner,0,4,0%,18
https://biblequizcompetition.com/songs/azhalerum-jeevitha-maruvil,0,4,0%,23
https://biblequizcompetition.com/articles/prayer-life-guide,0,4,0%,24.75
https://biblequizcompetition.com/english-songs/dig-away-dig-away-dig-away,0,4,0%,26.5
https://biblequizcompetition.com/bible-questions-and-answers-hub/jonah/ch2-advanced,0,4,0%,33.25
https://biblequizcompetition.com/songs/shudhikkai-nee-yesu-sameepey,0,4,0%,33.75
https://biblequizcompetition.com/bible-questions-and-answers-hub/1-corinthians/ch13-advanced,0,4,0%,68.5
https://biblequizcompetition.com/public-quiz/hosea/chapter-3,0,3,0%,2
https://biblequizcompetition.com/public-quiz/isaiah/chapter-64,0,3,0%,2
https://biblequizcompetition.com/public-quiz/psalms/chapter-83,0,3,0%,2
https://biblequizcompetition.com/public-quiz/isaiah/chapter-57,0,3,0%,2.33
https://biblequizcompetition.com/public-quiz/nehemiah/chapter-8/advanced,0,3,0%,2.33
https://biblequizcompetition.com/songs/en-kristhan-yodhavakuvan,0,3,0%,2.33
https://biblequizcompetition.com/public-quiz/1-thessalonians/chapter-2,0,3,0%,2.67
https://biblequizcompetition.com/bible-questions-and-answers-hub/2-john/beginner,0,3,0%,3
https://biblequizcompetition.com/public-quiz/numbers/chapter-3/advanced,0,3,0%,3
https://biblequizcompetition.com/songs/en-priyaneppol-sundharanaay,0,3,0%,3
https://biblequizcompetition.com/hindi-songs/aao-na-prabhu-aao-na,0,3,0%,3.33
https://biblequizcompetition.com/hindi-songs/jo-krus-pe-kurbaan-hai,0,3,0%,3.33
https://biblequizcompetition.com/public-quiz/isaiah/chapter-8/beginner,0,3,0%,3.33
https://biblequizcompetition.com/hindi-songs/hey-yeshu-tera-dhanyawad,0,3,0%,3.67
https://biblequizcompetition.com/hindi-songs/na-daroonga-psalm-91,0,3,0%,3.67
https://biblequizcompetition.com/bible-questions-and-answers-hub/song-of-solomon/ch7-beginner,0,3,0%,4
https://biblequizcompetition.com/bible-questions-and-answers-hub/zechariah/ch3-advanced,0,3,0%,4
https://biblequizcompetition.com/public-quiz/luke/chapter-5/beginner,0,3,0%,4
https://biblequizcompetition.com/bible-questions-and-answers-hub/judges/ch7-advanced,0,3,0%,4.33
https://biblequizcompetition.com/public-quiz/luke,0,3,0%,4.33
https://biblequizcompetition.com/bible-questions-and-answers-hub/luke/ch4-beginner,0,3,0%,4.67
https://biblequizcompetition.com/english-songs/fear-not-i-am-with-thee,0,3,0%,4.67
https://biblequizcompetition.com/hindi-songs/christmas-khushiyan-laya-re,0,3,0%,4.67
https://biblequizcompetition.com/bible-questions-and-answers-hub/deuteronomy/ch34-beginner,0,3,0%,5
https://biblequizcompetition.com/bible-questions-and-answers-hub/deuteronomy/ch9-beginner,0,3,0%,5
https://biblequizcompetition.com/bible-questions-and-answers-hub/numbers/ch8-beginner,0,3,0%,5
https://biblequizcompetition.com/easter-bible-quiz,0,3,0%,5
https://biblequizcompetition.com/old-testament-quiz,0,3,0%,5
https://biblequizcompetition.com/public-quiz/song-of-solomon/chapter-7/beginner,0,3,0%,5
https://biblequizcompetition.com/bible-questions-and-answers-hub/job/ch32-beginner,0,3,0%,5.33
https://biblequizcompetition.com/english-songs/precious-savior-thou-hast-saved-me,0,3,0%,5.33
https://biblequizcompetition.com/public-quiz/luke/chapter-15,0,3,0%,5.33
https://biblequizcompetition.com/public-quiz/revelation/chapter-21,0,3,0%,5.33
https://biblequizcompetition.com/songs/jeevitham-oru-kaalvary-yaathra,0,3,0%,5.33
https://biblequizcompetition.com/songs/kashtangal-saramilla,0,3,0%,5.33
https://biblequizcompetition.com/bible-questions-and-answers-hub/genesis/ch11-advanced,0,3,0%,5.67
https://biblequizcompetition.com/bible-questions-and-answers-hub/john/ch10-beginner,0,3,0%,5.67
https://biblequizcompetition.com/bible-questions-and-answers-hub/titus/ch1-3-advanced,0,3,0%,5.67
https://biblequizcompetition.com/public-quiz/acts/chapter-12,0,3,0%,5.67
https://biblequizcompetition.com/public-quiz/exodus/chapter-19,0,3,0%,5.67
https://biblequizcompetition.com/bible-questions-and-answers-hub/haggai/ch1-beginner,0,3,0%,6
https://biblequizcompetition.com/bible-questions-and-answers-hub/numbers/ch7-advanced,0,3,0%,6
https://biblequizcompetition.com/english-songs/from-my-spirit-within-flows-a-fountain-of-life,0,3,0%,6
https://biblequizcompetition.com/hindi-songs/aao-naache-aur-gaayen-hum,0,3,0%,6
https://biblequizcompetition.com/public-quiz/exodus/chapter-18,0,3,0%,6
https://biblequizcompetition.com/public-quiz/exodus/chapter-8,0,3,0%,6
https://biblequizcompetition.com/public-quiz/luke/chapter-10/intermediate,0,3,0%,6
https://biblequizcompetition.com/songs/ellam-yeshuve-enikkellam-yeshuve,0,3,0%,6
https://biblequizcompetition.com/songs/en-priyan-valamkarathil,0,3,0%,6
https://biblequizcompetition.com/songs/onneyullenikkanadamulakil,0,3,0%,6
https://biblequizcompetition.com/bible-questions-and-answers-hub/exodus/ch19-advanced,0,3,0%,6.33
https://biblequizcompetition.com/bible-questions-and-answers-hub/ezekiel,0,3,0%,6.33
https://biblequizcompetition.com/bible-questions-and-answers-hub/judges/ch12-advanced,0,3,0%,6.33
https://biblequizcompetition.com/bible-questions-and-answers-hub/luke/ch21-advanced,0,3,0%,6.33
https://biblequizcompetition.com/english-songs/can-you-be-obedient,0,3,0%,6.33
https://biblequizcompetition.com/english-songs/glorious-mighty-name-of-jesus,0,3,0%,6.33
https://biblequizcompetition.com/english-songs/god-intends-that-all-his-being,0,3,0%,6.33
https://biblequizcompetition.com/english-songs/now-i-hear-the-savior-calling,0,3,0%,6.33
https://biblequizcompetition.com/public-quiz/acts/chapter-16,0,3,0%,6.33
https://biblequizcompetition.com/public-quiz/judges/chapter-12/verse-1,0,3,0%,6.33
https://biblequizcompetition.com/public-quiz/nahum/chapter-2,0,3,0%,6.33
https://biblequizcompetition.com/songs/moksha-raajyathil-ninnezhunnalli,0,3,0%,6.33
https://biblequizcompetition.com/bible-questions-and-answers-hub/1-samuel/ch13-24-advanced,0,3,0%,6.67
https://biblequizcompetition.com/public-quiz/joshua/chapter-13/beginner,0,3,0%,6.67
https://biblequizcompetition.com/songs/mahathwam-mahathwam,0,3,0%,6.67
https://biblequizcompetition.com/songs/seeyon-manaalane-shalemin-priyane,0,3,0%,6.67
https://biblequizcompetition.com/bible-questions-and-answers-hub/2-samuel/ch24-advanced,0,3,0%,7
https://biblequizcompetition.com/bible-questions-and-answers-hub/exodus/ch9-beginner,0,3,0%,7
https://biblequizcompetition.com/bible-questions-and-answers-hub/luke/ch24-beginner,0,3,0%,7
https://biblequizcompetition.com/english-songs/grace-tis-a-charming-sound,0,3,0%,7
https://biblequizcompetition.com/public-quiz/2-timothy/chapter-1/advanced,0,3,0%,7
https://biblequizcompetition.com/public-quiz/genesis/chapter-43/intermediate,0,3,0%,7
https://biblequizcompetition.com/songs/ashicha-santhoshamen,0,3,0%,7
https://biblequizcompetition.com/bible-questions-and-answers-hub/acts/ch21-advanced,0,3,0%,7.33
https://biblequizcompetition.com/bible-questions-and-answers-hub/luke/ch19-beginner,0,3,0%,7.33
https://biblequizcompetition.com/bible-questions-and-answers-hub/matthew/ch21-advanced,0,3,0%,7.33
https://biblequizcompetition.com/english-songs/and-is-it-so-i-shall-be-like-thy-son,0,3,0%,7.33
https://biblequizcompetition.com/english-songs/father-twas-thy-love-that-knew-us,0,3,0%,7.33
https://biblequizcompetition.com/public-quiz/acts/chapter-22,0,3,0%,7.33
https://biblequizcompetition.com/public-quiz/genesis/chapter-23/verse-1,0,3,0%,7.33
https://biblequizcompetition.com/public-quiz/john/chapter-20/beginner,0,3,0%,7.33
https://biblequizcompetition.com/songs/enneshu-naadhante-paadathinkal,0,3,0%,7.33
https://biblequizcompetition.com/songs/iniyoru-gaanam-paaduvanayal,0,3,0%,7.33
https://biblequizcompetition.com/bible-questions-and-answers-hub/deuteronomy/ch3-beginner,0,3,0%,7.67
https://biblequizcompetition.com/english-songs/dear-lord-thou-art-the-son-of-god,0,3,0%,7.67
https://biblequizcompetition.com/english-songs/fight-the-battle-in-the-body,0,3,0%,7.67
https://biblequizcompetition.com/public-quiz/2-samuel/chapter-24,0,3,0%,7.67
https://biblequizcompetition.com/songs/daivam-thannathallathonnum-illa-ente,0,3,0%,7.67
https://biblequizcompetition.com/songs/makane-ee-rathri,0,3,0%,7.67
https://biblequizcompetition.com/songs/malpriyane-enneshu-naayakane,0,3,0%,7.67
https://biblequizcompetition.com/songs/yeshu-ente-adisthanam,0,3,0%,7.67
https://biblequizcompetition.com/bible-questions-and-answers-hub/1-chronicles/ch18-advanced,0,3,0%,8
https://biblequizcompetition.com/bible-questions-and-answers-hub/1-kings/ch21-advanced,0,3,0%,8
https://biblequizcompetition.com/bible-questions-and-answers-hub/john/ch8-advanced,0,3,0%,8
https://biblequizcompetition.com/hindi-songs/ab-hai-itavaar-ki-shaam,0,3,0%,8
https://biblequizcompetition.com/hindi-songs/jakkai-naam-ek-aadmi-tha,0,3,0%,8
https://biblequizcompetition.com/public-quiz/ephesians/chapter-2/beginner,0,3,0%,8
https://biblequizcompetition.com/public-quiz/ephesians/chapter-3/intermediate,0,3,0%,8
https://biblequizcompetition.com/songs/aradhippan-namukku-karanamundu,0,3,0%,8
https://biblequizcompetition.com/songs/ithrayere-snehamekan,0,3,0%,8
https://biblequizcompetition.com/songs/manuvel-manuja-sutha,0,3,0%,8
https://biblequizcompetition.com/bible-questions-and-answers-hub/numbers,0,3,0%,8.33
https://biblequizcompetition.com/english-songs/earthen-vessel-i-was-made,0,3,0%,8.33
https://biblequizcompetition.com/english-songs/gods-kingdom-today-is-a-real-exercise,0,3,0%,8.33
https://biblequizcompetition.com/songs/aashadeepam-kanunnu-njan,0,3,0%,8.33
https://biblequizcompetition.com/songs/ninnoden-daivame,0,3,0%,8.33
https://biblequizcompetition.com/songs/eppozhum-njan-santhoshikkum,0,3,0%,8.67
https://biblequizcompetition.com/bible-questions-and-answers-hub/joshua/ch20-beginner,0,3,0%,9
https://biblequizcompetition.com/bible-questions-and-answers-hub/nehemiah/ch13-beginner,0,3,0%,9
https://biblequizcompetition.com/bible-questions-and-answers-hub/nehemiah/ch3-advanced,0,3,0%,9
https://biblequizcompetition.com/english-songs/a-ruler-once-came-to-jesus-by-night,0,3,0%,9
https://biblequizcompetition.com/english-songs/now-in-a-song-of-grateful-praise,0,3,0%,9
https://biblequizcompetition.com/public-quiz/2-chronicles/chapter-1/beginner,0,3,0%,9
https://biblequizcompetition.com/public-quiz/luke/chapter-11/verse-1,0,3,0%,9
https://biblequizcompetition.com/bible-questions-and-answers-hub/amos/ch1-advanced,0,3,0%,9.33
https://biblequizcompetition.com/bible-questions-and-answers-hub/jeremiah,0,3,0%,9.33
https://biblequizcompetition.com/bible-questions-and-answers-hub/proverbs/ch3-beginner,0,3,0%,9.33
https://biblequizcompetition.com/songs/aadhiyil-vachanamundayi,0,3,0%,9.33
https://biblequizcompetition.com/songs/bhoothalamake-kulir-pakaran,0,3,0%,9.33
https://biblequizcompetition.com/bible-questions-and-answers-hub/acts/ch17-beginner,0,3,0%,9.67
https://biblequizcompetition.com/english-songs/jesus-my-lord-to-thee-i-cry,0,3,0%,9.67
https://biblequizcompetition.com/english-songs/living-creatures-source-divine,0,3,0%,9.67
https://biblequizcompetition.com/english-songs/once-i-was-bound-by-sins-galling-fetters,0,3,0%,9.67
https://biblequizcompetition.com/songs/varunnu-paramesan-ipparil,0,3,0%,9.67
https://biblequizcompetition.com/bible-questions-and-answers-hub/obadiah/ch1-1-beginner,0,3,0%,10
https://biblequizcompetition.com/english-songs/i-dare-not-be-defeated,0,3,0%,10.33
https://biblequizcompetition.com/songs/aa-aa-aa-aa-ennu-kanum-yeshu-rajane,0,3,0%,10.33
https://biblequizcompetition.com/english-songs/chapter-one-of-genesis,0,3,0%,11
https://biblequizcompetition.com/bible-questions-and-answers-hub/2-chronicles/ch3-beginner,0,3,0%,12
https://biblequizcompetition.com/bible-questions-and-answers-hub/2-samuel/ch21-advanced,0,3,0%,12
https://biblequizcompetition.com/songs/nanmayallathonnum-cheythidathavan,0,3,0%,12.33
https://biblequizcompetition.com/bible-questions-and-answers-hub/deuteronomy/advanced,0,3,0%,16.33
https://biblequizcompetition.com/english-songs/satisfied,0,3,0%,17.67
https://biblequizcompetition.com/bible-questions-and-answers-hub/genesis/ch17-beginner,0,3,0%,19.67
https://biblequizcompetition.com/english-songs/fill-all-my-vision-savior-i-pray,0,3,0%,19.67
https://biblequizcompetition.com/songs/yehova-yire-dathavam-daivam,0,3,0%,20.67
https://biblequizcompetition.com/english-songs/who-is-on-the-lords-side,0,3,0%,21.33
https://biblequizcompetition.com/public-quiz/jeremiah/chapter-1,0,3,0%,21.67
https://biblequizcompetition.com/english-songs/come-ye-disconsolate-whereer-ye-languish,0,3,0%,25.33
https://biblequizcompetition.com/songs/manassiloru-thazhvaram,0,3,0%,27.67
https://biblequizcompetition.com/bible-questions-and-answers-hub/proverbs/ch5-advanced,0,3,0%,29.67
https://biblequizcompetition.com/hindi-songs/aawaz-uthayenge,0,3,0%,29.67
https://biblequizcompetition.com/songs/ithratholam-yahova-sahayichu,0,3,0%,31
https://biblequizcompetition.com/bible-questions-and-answers-hub/1-thessalonians/advanced,0,3,0%,47.33
https://biblequizcompetition.com/memory-match-game,0,3,0%,59.67
https://biblequizcompetition.com/bible-questions-and-answers-hub/job/ch22-advanced,0,3,0%,63.67
https://biblequizcompetition.com/bible-questions-and-answers-hub/judges/ch21-advanced,0,2,0%,1
https://biblequizcompetition.com/english-songs/say-friend-its-up-to-you,0,2,0%,1
https://biblequizcompetition.com/hindi-songs/jab-narsinga-phoonka,0,2,0%,1
https://biblequizcompetition.com/english-songs/gracious-lord-thy-name-i-am-is,0,2,0%,1.5
https://biblequizcompetition.com/hindi-songs/aaj-hai-pukaar-pukaar,0,2,0%,1.5
https://biblequizcompetition.com/public-quiz/psalms/chapter-46,0,2,0%,2
https://biblequizcompetition.com/public-quiz/zechariah/chapter-10,0,2,0%,2
https://biblequizcompetition.com/songs/puthanaam-yerushalemil-ethum,0,2,0%,2
https://biblequizcompetition.com/bible-questions-and-answers-hub/deuteronomy/ch18-beginner,0,2,0%,2.5
https://biblequizcompetition.com/bible-questions-and-answers-hub/psalms/ch26-advanced,0,2,0%,2.5
https://biblequizcompetition.com/songs/anandham-anandham-enthoranandham,0,2,0%,2.5
https://biblequizcompetition.com/bible-questions-and-answers-hub/job/ch13-advanced,0,2,0%,3
https://biblequizcompetition.com/bible-questions-and-answers-hub/numbers/ch11-advanced,0,2,0%,3
https://biblequizcompetition.com/bible-questions-and-answers-hub/psalms/ch16-beginner,0,2,0%,3
https://biblequizcompetition.com/english-songs/church-of-god-beloved-and-chosen,0,2,0%,3
https://biblequizcompetition.com/english-songs/god-shall-rise-his-foes-be-scattered,0,2,0%,3
https://biblequizcompetition.com/public-quiz/isaiah/chapter-54/beginner,0,2,0%,3
https://biblequizcompetition.com/public-quiz/luke/chapter-1,0,2,0%,3
https://biblequizcompetition.com/public-quiz/malachi,0,2,0%,3
https://biblequizcompetition.com/public-quiz/psalms/chapter-123,0,2,0%,3
https://biblequizcompetition.com/songs/en-yeshu-en-samgeetham,0,2,0%,3
https://biblequizcompetition.com/songs/ente-daivathal-ellam-sadhyam,0,2,0%,3
https://biblequizcompetition.com/bible-questions-and-answers-hub/1-chronicles/ch19-beginner,0,2,0%,3.5
https://biblequizcompetition.com/bible-questions-and-answers-hub/job/ch7-beginner,0,2,0%,3.5
https://biblequizcompetition.com/public-quiz/numbers/chapter-4/advanced,0,2,0%,3.5
https://biblequizcompetition.com/public-quiz/psalms/chapter-78,0,2,0%,3.5
https://biblequizcompetition.com/articles/quiz-progress-tracking,0,2,0%,4
https://biblequizcompetition.com/bible-questions-and-answers-hub/job/ch8-advanced,0,2,0%,4
https://biblequizcompetition.com/bible-questions-and-answers-hub/judges/ch2-advanced,0,2,0%,4
https://biblequizcompetition.com/bible-questions-and-answers-hub/numbers/ch34-beginner,0,2,0%,4
https://biblequizcompetition.com/english-songs/already-dead-and-buried-too-revised,0,2,0%,4
https://biblequizcompetition.com/hindi-songs/jhoomte-hai-taare,0,2,0%,4
https://biblequizcompetition.com/hindi-songs/rakh-tu-mujhko-mujhko,0,2,0%,4
https://biblequizcompetition.com/public-quiz/esther/chapter-6,0,2,0%,4
https://biblequizcompetition.com/public-quiz/leviticus/chapter-15,0,2,0%,4
https://biblequizcompetition.com/public-quiz/matthew/chapter-8,0,2,0%,4
https://biblequizcompetition.com/public-quiz/nahum/chapter-3,0,2,0%,4
https://biblequizcompetition.com/songs/kashtangal-saaramilla,0,2,0%,4
https://biblequizcompetition.com/songs/paaduvin-sakala-bhoovile,0,2,0%,4
https://biblequizcompetition.com/bible-questions-and-answers-hub/1-samuel/ch12-advanced,0,2,0%,4.5
https://biblequizcompetition.com/bible-questions-and-answers-hub/numbers/ch5-beginner,0,2,0%,4.5
https://biblequizcompetition.com/bible-questions-and-answers-hub/revelation/ch19-beginner,0,2,0%,4.5
https://biblequizcompetition.com/public-quiz/joshua/chapter-24/intermediate,0,2,0%,4.5
https://biblequizcompetition.com/songs/aakasam-pole-vishaalam,0,2,0%,4.5
https://biblequizcompetition.com/songs/en-hrudhayam-ninakku-njan,0,2,0%,4.5
https://biblequizcompetition.com/songs/mangalam-devadevanu,0,2,0%,4.5
https://biblequizcompetition.com/bible-questions-and-answers-hub/luke/ch14-advanced,0,2,0%,5
https://biblequizcompetition.com/bible-questions-and-answers-hub/proverbs/ch28-beginner,0,2,0%,5
https://biblequizcompetition.com/bible-questions-and-answers-hub/zechariah/ch6-advanced,0,2,0%,5
https://biblequizcompetition.com/bible-quiz-for-beginners,0,2,0%,5
https://biblequizcompetition.com/english-songs/god-our-father-we-adore-thee-2,0,2,0%,5
https://biblequizcompetition.com/hindi-songs/gar-kroos-ka-main-sipaahee-hoon,0,2,0%,5
https://biblequizcompetition.com/public-quiz/ezekiel/chapter-9,0,2,0%,5
https://biblequizcompetition.com/public-quiz/luke/chapter-6,0,2,0%,5
https://biblequizcompetition.com/public-quiz/philippians/chapter-4,0,2,0%,5
https://biblequizcompetition.com/public-quiz/psalms/chapter-21/verse-1,0,2,0%,5
https://biblequizcompetition.com/public-quiz/romans/chapter-3/intermediate,0,2,0%,5
https://biblequizcompetition.com/songs/enne-tharunnu-nin-sevakkai,0,2,0%,5
https://biblequizcompetition.com/songs/lokavasanatholam-njan-ninnodu-koodeyundu,0,2,0%,5
https://biblequizcompetition.com/bible-questions-and-answers-hub/luke/ch23-beginner,0,2,0%,5.5
https://biblequizcompetition.com/bible-questions-and-answers-hub/titus/ch1-advanced,0,2,0%,5.5
https://biblequizcompetition.com/english-songs/amen-lord-jesus-amen-lord,0,2,0%,5.5
https://biblequizcompetition.com/english-songs/ive-turned-my-back-upon-the-world,0,2,0%,5.5
https://biblequizcompetition.com/english-songs/pressed-out-of-measure-pressed-beyond-all-length,0,2,0%,5.5
https://biblequizcompetition.com/hindi-songs/bolo-jai-milkar-jai,0,2,0%,5.5
https://biblequizcompetition.com/hindi-songs/khoj-raha-tha,0,2,0%,5.5
https://biblequizcompetition.com/public-quiz/2-kings/chapter-11,0,2,0%,5.5
https://biblequizcompetition.com/public-quiz/exodus/chapter-3,0,2,0%,5.5
https://biblequizcompetition.com/public-quiz/genesis/chapter-20,0,2,0%,5.5
https://biblequizcompetition.com/public-quiz/hebrews/chapter-2,0,2,0%,5.5
https://biblequizcompetition.com/public-quiz/jeremiah/chapter-16,0,2,0%,5.5
https://biblequizcompetition.com/public-quiz/mark/chapter-15,0,2,0%,5.5
https://biblequizcompetition.com/selah-space,0,2,0%,5.5
https://biblequizcompetition.com/songs/aaswasamekuvan-aarumillenikku,0,2,0%,5.5
https://biblequizcompetition.com/songs/ushakaalam-naam-ezhunnelkkuka,0,2,0%,5.5
https://biblequizcompetition.com/bible-questions-and-answers-hub/1-timothy/ch3-beginner,0,2,0%,6
https://biblequizcompetition.com/bible-questions-and-answers-hub/2-corinthians/ch13-13-beginner,0,2,0%,6
https://biblequizcompetition.com/bible-questions-and-answers-hub/2-corinthians/ch4-beginner,0,2,0%,6
https://biblequizcompetition.com/bible-questions-and-answers-hub/2-kings/ch1-12-beginner,0,2,0%,6
https://biblequizcompetition.com/bible-questions-and-answers-hub/2-kings/ch19-advanced,0,2,0%,6
https://biblequizcompetition.com/bible-questions-and-answers-hub/ephesians,0,2,0%,6
https://biblequizcompetition.com/bible-questions-and-answers-hub/exodus/ch37-40-beginner,0,2,0%,6
https://biblequizcompetition.com/bible-questions-and-answers-hub/exodus/ch8-beginner,0,2,0%,6
https://biblequizcompetition.com/bible-questions-and-answers-hub/genesis/ch27-advanced,0,2,0%,6
https://biblequizcompetition.com/bible-questions-and-answers-hub/luke/ch17-beginner,0,2,0%,6
https://biblequizcompetition.com/english-songs/glory-glory-christ-is-life-indeed,0,2,0%,6
https://biblequizcompetition.com/public-quiz/acts/chapter-23/advanced,0,2,0%,6
https://biblequizcompetition.com/public-quiz/nehemiah/chapter-4/advanced,0,2,0%,6
https://biblequizcompetition.com/songs/ente-yeshu-enikku,0,2,0%,6
https://biblequizcompetition.com/bible-questions-and-answers-hub/deuteronomy/ch28-beginner,0,2,0%,6.5
https://biblequizcompetition.com/bible-questions-and-answers-hub/esther/ch5-beginner,0,2,0%,6.5
https://biblequizcompetition.com/english-songs/christ-is-the-alpha-of-our-prayers,0,2,0%,6.5
https://biblequizcompetition.com/english-songs/far-away-the-noise-of-strife-upon-my-ear,0,2,0%,6.5
https://biblequizcompetition.com/english-songs/long-as-east-from-west-extends,0,2,0%,6.5
https://biblequizcompetition.com/hindi-songs/mahima-se-mandit,0,2,0%,6.5
https://biblequizcompetition.com/leaderboard,0,2,0%,6.5
https://biblequizcompetition.com/public-quiz/1-chronicles/chapter-29/intermediate,0,2,0%,6.5
https://biblequizcompetition.com/public-quiz/galatians/chapter-4,0,2,0%,6.5
https://biblequizcompetition.com/public-quiz/malachi/chapter-2,0,2,0%,6.5
https://biblequizcompetition.com/public-quiz/revelation/chapter-1,0,2,0%,6.5
https://biblequizcompetition.com/songs/kristheshuvinte-nalla-bhadanay,0,2,0%,6.5
https://biblequizcompetition.com/bible-questions-and-answers-hub/2-corinthians/ch3-advanced,0,2,0%,7
https://biblequizcompetition.com/bible-questions-and-answers-hub/2-kings/ch16-advanced,0,2,0%,7
https://biblequizcompetition.com/bible-questions-and-answers-hub/esther/ch1-advanced,0,2,0%,7
https://biblequizcompetition.com/bible-questions-and-answers-hub/james/ch2-advanced,0,2,0%,7
https://biblequizcompetition.com/bible-questions-and-answers-hub/job/ch11-beginner,0,2,0%,7
https://biblequizcompetition.com/bible-questions-and-answers-hub/job/ch29-advanced,0,2,0%,7
https://biblequizcompetition.com/bible-questions-and-answers-hub/jude/ch1-advanced,0,2,0%,7
https://biblequizcompetition.com/english-songs/through-the-cross-o-lord-i-pray,0,2,0%,7
https://biblequizcompetition.com/hindi-songs/khush-ho-khudawand-aaya-hai,0,2,0%,7
https://biblequizcompetition.com/kids-stories/noahs-special-boat,0,2,0%,7
https://biblequizcompetition.com/public-quiz/2-timothy/chapter-3/beginner,0,2,0%,7
https://biblequizcompetition.com/public-quiz/exodus/chapter-39/beginner,0,2,0%,7
https://biblequizcompetition.com/public-quiz/exodus/chapter-4,0,2,0%,7
https://biblequizcompetition.com/public-quiz/judges,0,2,0%,7
https://biblequizcompetition.com/public-quiz/numbers/chapter-23/verse-1,0,2,0%,7
https://biblequizcompetition.com/public-quiz/titus/chapter-3,0,2,0%,7
https://biblequizcompetition.com/songs/aakasame-kelkka-bhoomiye,0,2,0%,7
https://biblequizcompetition.com/songs/anandhakarathal-ella-kannum,0,2,0%,7
https://biblequizcompetition.com/songs/aswasame-enikkere-thingeedunnu,0,2,0%,7
https://biblequizcompetition.com/songs/daivathinu-sthothram,0,2,0%,7
https://biblequizcompetition.com/songs/ennasha-onne-nin-koode-parkkenam,0,2,0%,7
https://biblequizcompetition.com/songs/jayathinte-geethangal-padiduvan,0,2,0%,7
https://biblequizcompetition.com/songs/kodumkaattadichu-ala-uyarum,0,2,0%,7
https://biblequizcompetition.com/songs/pitch/malayalam-lyrics,0,2,0%,7
https://biblequizcompetition.com/bible-questions-and-answers-hub/1-samuel/ch13-beginner,0,2,0%,7.5
https://biblequizcompetition.com/bible-questions-and-answers-hub/2-corinthians/ch5-beginner,0,2,0%,7.5
https://biblequizcompetition.com/bible-questions-and-answers-hub/exodus/ch10-advanced,0,2,0%,7.5
https://biblequizcompetition.com/bible-questions-and-answers-hub/jeremiah/ch43-advanced,0,2,0%,7.5
https://biblequizcompetition.com/hindi-songs/bolo-jay-jay-bolo-jay-jay,0,2,0%,7.5
https://biblequizcompetition.com/hindi-songs/gao-stuti-o-come-o-come-emmanuel,0,2,0%,7.5
https://biblequizcompetition.com/public-quiz/1-corinthians/chapter-7/advanced,0,2,0%,7.5
https://biblequizcompetition.com/public-quiz/exodus/chapter-2,0,2,0%,7.5
https://biblequizcompetition.com/public-quiz/luke/chapter-2,0,2,0%,7.5
https://biblequizcompetition.com/public-quiz/nahum/chapter-3/intermediate,0,2,0%,7.5
https://biblequizcompetition.com/public-quiz/psalms/chapter-42/verse-1,0,2,0%,7.5
https://biblequizcompetition.com/songs/kannuneer-ennu-maarumo,0,2,0%,7.5
https://biblequizcompetition.com/bible-questions-and-answers-hub/acts/ch19-beginner,0,2,0%,8
https://biblequizcompetition.com/bible-questions-and-answers-hub/acts/ch7-beginner,0,2,0%,8
https://biblequizcompetition.com/bible-questions-and-answers-hub/exodus,0,2,0%,8
https://biblequizcompetition.com/bible-questions-and-answers-hub/john/ch15-beginner,0,2,0%,8
https://biblequizcompetition.com/bible-questions-and-answers-hub/joshua/ch6-advanced,0,2,0%,8
https://biblequizcompetition.com/bible-questions-and-answers-hub/joshua/ch6-beginner,0,2,0%,8
https://biblequizcompetition.com/bible-questions-and-answers-hub/matthew/ch22-advanced,0,2,0%,8
https://biblequizcompetition.com/english-songs/christ-is-coming-let-creation,0,2,0%,8
https://biblequizcompetition.com/english-songs/christ-the-savior-hath-ascended,0,2,0%,8
https://biblequizcompetition.com/english-songs/i-know-not-why-gods-wondrous-grace,0,2,0%,8
https://biblequizcompetition.com/english-songs/jesus-has-loved-me-wonderful-savior,0,2,0%,8
https://biblequizcompetition.com/public-quiz/1-timothy/chapter-1/beginner,0,2,0%,8
https://biblequizcompetition.com/songs/aanandamundenikkanadamundenikkeshu-maharaja-sannidhiyil,0,2,0%,8
https://biblequizcompetition.com/songs/arikil-varene-yeshu-naadha,0,2,0%,8
https://biblequizcompetition.com/songs/mahima-kanda-sakshikale,0,2,0%,8
https://biblequizcompetition.com/songs/neelakasha-konil-thooven-megha-theril,0,2,0%,8
https://biblequizcompetition.com/bible-questions-and-answers-hub/2-corinthians/ch6-advanced,0,2,0%,8.5
https://biblequizcompetition.com/bible-questions-and-answers-hub/2-corinthians/ch6-beginner,0,2,0%,8.5
https://biblequizcompetition.com/bible-questions-and-answers-hub/ezekiel/ch1-beginner,0,2,0%,8.5
https://biblequizcompetition.com/bible-questions-and-answers-hub/zechariah,0,2,0%,8.5
https://biblequizcompetition.com/english-songs/are-you-a-lost-sheep-along-lifes-way,0,2,0%,8.5
https://biblequizcompetition.com/english-songs/as-gathered-in-thy-precious-name,0,2,0%,8.5
https://biblequizcompetition.com/english-songs/blessed-lord-our-hallelujahs,0,2,0%,8.5
https://biblequizcompetition.com/songs/daiva-krupayaal-kristhuvilaay,0,2,0%,8.5
https://biblequizcompetition.com/songs/nalla-devane-njangal-ellavareyum,0,2,0%,8.5
https://biblequizcompetition.com/bible-questions-and-answers-hub/psalms/ch12-beginner,0,2,0%,9
https://biblequizcompetition.com/english-songs/an-uplifted-gospel-have-we,0,2,0%,9
https://biblequizcompetition.com/english-songs/cleansed-in-our-saviors-precious-blood,0,2,0%,9
https://biblequizcompetition.com/english-songs/come-let-us-all-unite-to-sing,0,2,0%,9
https://biblequizcompetition.com/english-songs/gods-christ-who-is-my-righteousness,0,2,0%,9
https://biblequizcompetition.com/public-quiz/colossians,0,2,0%,9
https://biblequizcompetition.com/public-quiz/genesis/chapter-45,0,2,0%,9
https://biblequizcompetition.com/songs/calvary-snehame-ennilekkozhukane,0,2,0%,9
https://biblequizcompetition.com/songs/vazhthuka-nee-maname,0,2,0%,9
https://biblequizcompetition.com/bible-questions-and-answers-hub/exodus/ch22-advanced,0,2,0%,9.5
https://biblequizcompetition.com/bible-questions-and-answers-hub/genesis/chapter-6,0,2,0%,9.5
https://biblequizcompetition.com/bible-questions-and-answers-hub/john/ch16-beginner,0,2,0%,9.5
https://biblequizcompetition.com/english-songs/weary-pilgrim-on-lifes-pathway,0,2,0%,9.5
https://biblequizcompetition.com/public-quiz/genesis/chapter-37,0,2,0%,9.5
https://biblequizcompetition.com/songs/karaliloorumen-nombaram,0,2,0%,9.5
https://biblequizcompetition.com/bible-questions-and-answers-hub/1-john/ch2-beginner,0,2,0%,10
https://biblequizcompetition.com/bible-questions-and-answers-hub/1-samuel/ch20-advanced,0,2,0%,10
https://biblequizcompetition.com/bible-questions-and-answers-hub/galatians/ch1-beginner,0,2,0%,10
https://biblequizcompetition.com/bible-questions-and-answers-hub/matthew/ch23-advanced,0,2,0%,10
https://biblequizcompetition.com/english-songs/god-moves-in-a-mysterious-way,0,2,0%,10
https://biblequizcompetition.com/hindi-songs/parmeshwar-ki-stuti-karo,0,2,0%,10
https://biblequizcompetition.com/public-quiz/isaiah/chapter-40,0,2,0%,10
https://biblequizcompetition.com/public-quiz/proverbs/chapter-20,0,2,0%,10
https://biblequizcompetition.com/songs/aazhi-polananthamaya-sneham,0,2,0%,10
https://biblequizcompetition.com/songs/jeeviykkunnu-enkil-by-chikku-kuriakose,0,2,0%,10
https://biblequizcompetition.com/bible-questions-and-answers-hub/job/ch25-beginner,0,2,0%,10.5
https://biblequizcompetition.com/english-songs/gazing-up-at-the-great-sky,0,2,0%,10.5
https://biblequizcompetition.com/public-quiz/job/chapter-26/verse-1,0,2,0%,10.5
https://biblequizcompetition.com/bible-questions-and-answers-hub/malachi,0,2,0%,11
https://biblequizcompetition.com/english-songs/blessed-is-he-that-is-trusting-the-lord,0,2,0%,11