Top queries,Clicks,Impressions,CTR,Position
online bible quiz competition 2026,16,60,26.67%,1.83
bible quiz competition 2026,8,69,11.59%,3.14
ek aag har dil mein lyrics,5,152,3.29%,4.83
hallelujah stuti gaye hum lyrics,3,130,2.31%,6.38
vandana karte hai hum lyrics,3,127,2.36%,6.32
yeshu ka naam hai sare zameen par lyrics,2,137,1.46%,5.25
bible quiz competition,2,31,6.45%,2.39
bible competition 2026,2,17,11.76%,2.24
nehemiah quiz,2,17,11.76%,9.94
job chapter 1 questions and answers,2,15,13.33%,9.67
yeshu tera naam mera sharansthan lyrics,2,13,15.38%,4.23
matthew 19 quiz,2,5,40%,6
aaradhna ho aaradhna lyrics,2,4,50%,2
prashansa ho prabhu yeshu ki lyrics,1,112,0.89%,6.84
ashish tujhse chahte hai lyrics,1,64,1.56%,4.39
me haath uthaakar gaoonga lyrics,1,49,2.04%,8.45
bible competition,1,30,3.33%,10.33
bible quiz 2026,1,26,3.85%,5.23
aadi aur ant tu hi hai lyrics,1,22,4.55%,3.59
aao jag ke log sabhi lyrics,1,15,6.67%,5.4
yeshu tera naam rahe uncha lyrics,1,12,8.33%,6.83
bible contest,1,11,9.09%,5.18
aadi or ant tu hi hai lyrics,1,10,10%,3.9
philemon bible quiz,1,9,11.11%,9.22
2 thessalonians quiz,1,9,11.11%,18.11
sirf yeshu ka naam hai lyrics,1,6,16.67%,2.33
luke 5 quiz,1,6,16.67%,4.67
ithratholam jayam thanna lyrics manglish,1,6,16.67%,7.33
matthew 18 quiz,1,4,25%,4.5
hallelujah stuti gayenge lyrics,1,4,25%,6
main hath utha kar gaunga yeshu tera naam rahe uncha lyrics,1,4,25%,8.5
aao jag ke log sabhi song lyrics,1,3,33.33%,4
genesis 5 quiz,1,3,33.33%,5.67
online bible games multiplayer,1,2,50%,1
sunday school quiz questions and answers,1,2,50%,6
krus par bali dwara lyrics,1,1,100%,4
bible quiz for sunday school kids,1,1,100%,8
genesis 8 quiz,1,1,100%,12
john 14 quiz,1,1,100%,42
bible quiz win a prize,0,162,0%,2.17
aa prabhu yeshu aa lyrics,0,131,0%,6.63
vandanam yeshu para lyrics,0,59,0%,7.73
main hath utha kar gaunga lyrics,0,54,0%,9.76
yeshuvodu chernirippathethra lyrics,0,47,0%,8.7
bible quiz prize,0,46,0%,8.24
oru vakku chollan song lyrics,0,43,0%,7.63
oru nimisham en yesuvin lyrics,0,34,0%,7.94
oru vakku chollan oru nokku,0,33,0%,6.91
vandanam yeshupara lyrics,0,32,0%,8.06
aao hum yahova ka dhanyawad kare lyrics,0,32,0%,8.84
sthuthippin sthuthippin yeshu devane lyrics,0,31,0%,7.23
kuch naya lyrics,0,23,0%,8.09
oru vakku chollan lyrics,0,22,0%,8.5
christ is risen hallelujah lyrics,0,21,0%,6.1
john 18 quiz,0,19,0%,7.95
pettamma marannalum lyrics,0,19,0%,9.26
nandi daivame lyrics,0,18,0%,7.56
uyarthidum njan ente kankal lyrics in english,0,18,0%,10.56
kunje nee en kaiyil lyrics,0,17,0%,6.94
karuna bhalai teri sada rahegi mujh par lyrics,0,16,0%,6.12
he swargiya pita hum aate hai lyrics,0,16,0%,6.5
ab tak yahowa ne sahayata ki lyrics,0,15,0%,2.13
mera sahara lyrics,0,15,0%,8.13
conquering now and still to conquer lyrics,0,15,0%,8.47
prashansa hove lyrics,0,14,0%,5.64
aarum kothikkum lyrics,0,14,0%,8.93
yeshu ka naam hai saari zameen par lyrics,0,13,0%,5.08
kuch kamti na mujhko hogi lyrics,0,13,0%,6.31
ninte simhasanam lyrics,0,13,0%,7
kab tak khuda mere kab tak lyrics,0,13,0%,9.08
how i praise thee precious saviour lyrics,0,13,0%,9.62
vandana karte hai hum lyrics in hindi,0,12,0%,4.75
ashish tujhe chahte hai lyrics,0,12,0%,5.42
aao khuda ke ghar chale lyrics,0,12,0%,8.08
pilarnnatham paaraye ninnil njan,0,12,0%,8.67
prashansa ho teri prabhu lyrics,0,12,0%,9.42
divyakarunyame navya snehame,0,11,0%,6
jeevithathin veedhiyil njan,0,11,0%,7.36
onnu thottal mathi lyrics,0,11,0%,7.45
tarif tarif milke karo sare tarif lyrics,0,11,0%,7.73
njanum ente kudumbavum bible verse malayalam,0,11,0%,8.55
aa prabhu yeshua mujhme ho teri mahima lyrics,0,11,0%,8.82
मै हाथ उठाकर गाऊंगा,0,11,0%,8.91
quiz scoring system explanation,0,11,0%,11.91
"""father son and holy ghost"" quiz",0,10,0%,1
ho theri suthi lyrics in telugu,0,10,0%,4.9
prashansa hove prabhu yeshu ki lyrics in hindi,0,10,0%,7.1
nin simhasanam lyrics,0,10,0%,7.3
alleluia stuti gaye hum lyrics,0,10,0%,8.1
ao hum yahova ka dhanyawad kare lyrics,0,10,0%,9.4
baliyay thiru munpil lyrics,0,10,0%,9.5
nahum bible quiz,0,10,0%,15.6
adi or ant tu hi hai lyrics,0,9,0%,3.67
aankho ko band kar lu lyrics,0,9,0%,4.78
acts 6 quiz,0,9,0%,5.78
yeshu ka naam sukhdai lyrics,0,9,0%,7.67
oru vakku chollan song,0,9,0%,7.78
mai hath utha kar gaunga lyrics,0,9,0%,9.11
manna jaya jaya lyrics,0,9,0%,9.11
प्रशंसा होवे प्रभु यीशु की,0,9,0%,9.22
how i praise thee precious saviour,0,9,0%,9.33
quiz on esther chapter 1 to 10,0,9,0%,10.56
haath uthaakar gaoonga lyrics,0,9,0%,11.56
everlasting glory lyrics,0,9,0%,13.44
karthavin snehathil ennum lyrics malayalam,0,9,0%,16.89
aaya hai yeshu aaya hai,0,9,0%,21.11
aaya hai yeshu aaya hai lyrics,0,8,0%,4.5
uthakar in hindi,0,8,0%,4.62
aankhon ko band kar lu lyrics,0,8,0%,5
ethra mathram nee lyrics,0,8,0%,6.25
prashansa hove prabhu yeshu ki song lyrics,0,8,0%,6.88
nee en sanketham lyrics,0,8,0%,7.38
risen hallelujah lyrics,0,8,0%,7.62
mine mine mine i know thou art mine lyrics,0,8,0%,7.88
ham yeshu masih ke chele hai lyrics,0,8,0%,9.25
joshua quiz 55,0,8,0%,9.25
cherum naam vegathil lyrics,0,8,0%,9.5
aya hai yeshu aaya hai lyrics,0,7,0%,5.43
hallelujah stuti gaye hum lyrics in hindi,0,7,0%,6.14
हे मेरे मन यहोवा को धन्य कह lyrics,0,7,0%,6.14
ek aag har dil mein humko jalana hai lyrics,0,7,0%,6.57
aaya masih lyrics,0,7,0%,6.71
prashansa hove prabhu yeshu ki lyrics,0,7,0%,6.86
mein haath uthakar lyrics,0,7,0%,7.14
prashansa howe prabhu yeshu ki lyrics,0,7,0%,7.71
vazhiyarikil pathikanayi lyrics,0,7,0%,7.71
how does britannica quiz scoring work timer bonus,0,7,0%,8.29
mujhe sambhal main gira lyrics,0,7,0%,8.29
main haath uthakar gaunga lyrics,0,7,0%,9.14
aao hum yahowa ka dhanyawad kare lyrics,0,7,0%,10
glory glory everlasting lyrics,0,7,0%,10
yeshuvodu lyrics,0,7,0%,10
bible competitions,0,7,0%,16.29
nehemiah bible quiz,0,7,0%,26.43
o kalvari prem ki dhara lyrics,0,6,0%,4.67
bhajne aaye hai pitaji,0,6,0%,7
njan orikkal njan orikkal lyrics,0,6,0%,7
emmanuel emmanuel lyrics malayalam,0,6,0%,7.5
prapancha srishtavin namam lyrics,0,6,0%,7.5
varuveen ee nalla samayam lyrics,0,6,0%,7.67
nirjal desh mein lyrics,0,6,0%,7.83
vazhiyarikil pathikanayi,0,6,0%,7.83
nanni daivame nanni daivame nithyavum,0,6,0%,8
quiz on 1 corinthians chapter 1,0,6,0%,8.33
adiyanitha deva lyrics,0,6,0%,9.5
yeshu manavalan lyrics,0,6,0%,9.5
bible quiz questions and answers for sunday school,0,6,0%,9.83
ezra chapter 1 questions and answers,0,6,0%,10
uyarthidum njan ente kankal lyrics in malayalam,0,6,0%,16.33
uyarthidum njan ente,0,6,0%,27.17
what does the bible say about competition,0,6,0%,76.33
"""father son and holy ghost"" ""quiz""",0,5,0%,2.6
आदि और अंत तू ही है lyrics,0,5,0%,4
yeshu ente koodeyundu lyrics,0,5,0%,4.8
luke 17 quiz,0,5,0%,6.2
main haath uthakar gaoonga lyrics in hindi,0,5,0%,6.4
jeevithathin veedhiyil njan lyrics,0,5,0%,7
oru nimisham en yesuvin,0,5,0%,7
वंदना करते है हम लिरिक्स,0,5,0%,7.2
akkare nattile lyrics,0,5,0%,7.4
bayan in hindi lyrics,0,5,0%,7.4
chikku kuriakose songs lyrics,0,5,0%,7.6
yeshu ke paas aao aur mukti ko apnao lyrics,0,5,0%,7.6
मैं हाथ उठाकर गाऊंगा,0,5,0%,7.6
oru vakku chollan song lyrics malayalam,0,5,0%,8
genesis 29 quiz,0,5,0%,8.2
aarum kothikkum ninte lyrics,0,5,0%,8.4
arum kothikkum lyrics,0,5,0%,9
azhangal thedunna daivam lyrics,0,5,0%,9.4
genesis 7 quiz,0,5,0%,9.4
dear saviour thou art mine lyrics,0,5,0%,9.6
daivathin thiru vachanam lyrics,0,5,0%,9.8
hallelujah stuti gaye hum,0,5,0%,11.4
adavi tharukkalin idayil lyrics,0,5,0%,17.8
idayane vilichu njan lyrics,0,5,0%,18.2
vannathal,0,5,0%,21.6
aayirangal veenalum lyrics in malayalam,0,5,0%,23
karthavil santhosham avan en balam,0,5,0%,24
varuvin ee nalla samayam song lyrics,0,5,0%,24.2
enneshu nallavan ennennume,0,5,0%,29.4
daivathe marannu kunje lyrics,0,5,0%,35.2
kunjattin movie,0,5,0%,37
ithuvare enne karuthiya nadha lyrics in english,0,5,0%,41.6
questions about grace,0,5,0%,50.8
bible quiz esther chapter 1,0,4,0%,4
genesis 30 quiz,0,4,0%,4
yeshu ka naam hai saare zameen par lyrics,0,4,0%,4.25
bible quiz competition 2025,0,4,0%,4.5
ankho ko band karlu lyrics,0,4,0%,4.75
aashish tujhe chahte hai lyrics,0,4,0%,5.25
aanand aanand aanand hai lyrics,0,4,0%,6
പ്രപഞ്ച സൃഷ്ടാവിന് നാമം lyrics,0,4,0%,7
idayane vilichu lyrics,0,4,0%,7.25
john 5 quiz,0,4,0%,7.25
devesa yesu yesupara lyrics,0,4,0%,7.75
mokshame lyrics,0,4,0%,7.75
nadha varename,0,4,0%,8
hum hath utha kar gayenge lyrics,0,4,0%,8.25
നന്ദി ദൈവമേ നന്ദി ദൈവമേ നിത്യവും നിത്യവും നന്ദി ദൈവമേ,0,4,0%,8.25
how are britannica quizzes scored timer bonus,0,4,0%,8.5
oru vakku chollan lyrics malayalam,0,4,0%,8.5
sab main deta hun,0,4,0%,8.5
adiyanitha deva,0,4,0%,8.75
oru nimisham en yesuvin lyrics malayalam,0,4,0%,9
varuvin ee nalla samayam lyrics,0,4,0%,9
100 bible quiz questions and answers,0,4,0%,9.25
idayane vilichu njan karanjappol malayalam lyrics,0,4,0%,20.75
nandiyode,0,4,0%,23.75
ella snehathinum ettam lyrics malayalam,0,4,0%,24
ella muttum madangum song lyrics,0,4,0%,26
ninnodu en deivam malayalm son,0,4,0%,29.5
karuthunnavan njn alleyo crf,0,4,0%,32.25
ente daivam mahathwathil lyrics,0,4,0%,35
online bible quizzes,0,4,0%,42
online quiz contest to win prizes,0,4,0%,68
"""father son and holy ghost"" quiz stanza",0,3,0%,1
yeshu tera naam mera sharansthan song,0,3,0%,3
hai mere man yahova ko dhanya dhanya kaho lyrics,0,3,0%,4
ashish tumse chahte hai lyrics,0,3,0%,4.33
swargiya pita hum aate hai lyrics,0,3,0%,4.67
john 4 quiz,0,3,0%,5
ashish tujhse chahte hai lyrics in hindi,0,3,0%,5.33
bible quiz colossians chapter 1,0,3,0%,5.33
tarif tarif milke karo sare tarif hindi lyrics,0,3,0%,5.33
आशीष तुझसे चाहते हैं lyrics,0,3,0%,5.67
aa prabhu yeshu aa,0,3,0%,6
aashish tujhse chahte hai lyrics,0,3,0%,6
arasta ho aye meri jaan lyrics,0,3,0%,6
aa yeshu paas aa lyrics,0,3,0%,6.33
anugrahathin adhipathiye lyrics in english,0,3,0%,6.33
luke 21 quiz,0,3,0%,6.33
prashansa ho prabhu yeshu ki,0,3,0%,6.67
bible quiz ephesians chapter 1,0,3,0%,7
luke 24 quiz,0,3,0%,7
main haath uthakar lyrics,0,3,0%,7
me haath uthakar gaunga lyrics,0,3,0%,7
yeshu ne khoon bahaya tha lyrics,0,3,0%,7
yeshuvin janame lyrics,0,3,0%,7
bible quiz company official website,0,3,0%,7.33
ethramathram nee lyrics,0,3,0%,7.33
hallelujah stuti gaye lyrics,0,3,0%,7.33
luke 18 quiz,0,3,0%,7.33
tune de diya apna balidan lyrics,0,3,0%,7.33
ennum ninte koode lyrics,0,3,0%,7.67
parbaton ko dekhunga main,0,3,0%,7.67
britannica quiz timer bonus points calculation,0,3,0%,8.33
me haath uthakar gaoonga lyrics,0,3,0%,8.33
shukriya shukriya lyrics christian song in hindi,0,3,0%,8.33
stuthi stuthi en maname lyrics,0,3,0%,8.33
ithratholam enne kondu vanneeduvan lyrics,0,3,0%,8.67
seeyon yathrayathil lyrics manglish,0,3,0%,8.67
1 timothy quiz,0,3,0%,9
bible quiz on isaiah chapter 1 to 40,0,3,0%,9
daniel test,0,3,0%,9
hallelujah stuti gaye ham lyrics,0,3,0%,9
zinda khuda hai hamara lyrics,0,3,0%,9
mokshame song lyrics,0,3,0%,9.33
sukriya sukriya lyrics in hindi,0,3,0%,9.33
aa prabhu yeshua lyrics,0,3,0%,9.67
national bible quiz competition 2026,0,3,0%,10.33
annasin aramanayil,0,3,0%,18.67
arumaarum kothikkum ninte sneham lyrics from www.madely.us,0,3,0%,20
saari srishti ke malik lyrics,0,3,0%,20.67
kripayerum karthavil en,0,3,0%,26.33
ashish tujhse chahte hai,0,3,0%,28.67
nin dhanam njan lyrics,0,3,0%,28.67
ithratholam yahova sahayichu lyrics,0,3,0%,31
arumaarum kothikkum ninte sneham,0,3,0%,32.33
ente daivam mahathwathil lyrics in malayalam,0,3,0%,32.67
enni enni sthuthikkuvan lyrics,0,3,0%,35.33
karuthunnavan njan alleyo crf,0,3,0%,37.33
competition psychology,0,3,0%,43
bible memory games online,0,3,0%,59.67
what career does god want for me quiz,0,3,0%,70.33
quiz competition online,0,3,0%,94.33
online bible quiz competition,0,2,0%,1
luke chapter 1 quiz,0,2,0%,3
pyara masih pyara masih lyrics,0,2,0%,3
hindi worship songs lyrics and chords,0,2,0%,4
me haath uthaakar gaoonga lyrics hindi,0,2,0%,5
aashi tujhse chahte hai lyrics,0,2,0%,5.5
bhajne aaye hai pitaji lyrics,0,2,0%,5.5
dig away,0,2,0%,5.5
genesis 20 quiz,0,2,0%,5.5
genesis 39 quiz,0,2,0%,5.5
britannica quiz how are points calculated,0,2,0%,6
luke 4 quiz,0,2,0%,6
prarthana utharam lyrics in manglish,0,2,0%,6
bible quiz ruth chapter 1,0,2,0%,6.5
mahima mandit,0,2,0%,6.5
aao hum yahova ka dhanyawad karen lyrics,0,2,0%,7
bayan lyrics in hindi,0,2,0%,7
exodus 5 quiz,0,2,0%,7
main haath uthaakar gaoonga lyrics,0,2,0%,7
bible quiz luke chapter 2,0,2,0%,7.5
bible quiz on titus chapter 1,0,2,0%,7.5
vandhanam yeshupara lyrics,0,2,0%,7.5
amos quiz,0,2,0%,8
ashicha,0,2,0%,8
bhaktharin viswasa jeevitham song lyrics,0,2,0%,8
jeevane en jeevane lyrics,0,2,0%,8
oru vakku chollan malayalam lyrics,0,2,0%,8
aa prabhu yeshu aa mujhme ho teri mahima lyrics,0,2,0%,8.5
bible quiz on jeremiah chapter 1,0,2,0%,8.5
corinthians quiz,0,2,0%,8.5
matthew 17 quiz,0,2,0%,8.5
nandi daivame lyrics malayalam,0,2,0%,8.5
parama pithave lyrics,0,2,0%,8.5
yeshu ka naam hai sari jami lyrics,0,2,0%,8.5
adavi tharukkalin lyrics,0,2,0%,9
ithratholam nadathiya daivathinu sthothram,0,2,0%,9
kaineetti nilkkunna,0,2,0%,9
kunje neeyen lyrics,0,2,0%,9
manamuruki song lyrics,0,2,0%,9
orikkalum marakkuvan lyrics,0,2,0%,9
stuthi stuthi en maname,0,2,0%,9
varuveen ee nalla samayam malayalam lyrics,0,2,0%,9
vithacheeduka naam lyrics,0,2,0%,9
yeshu nee yeshu nee lyrics,0,2,0%,9
ek aag har dil mein humko jalana hai,0,2,0%,9.5
me hath utha kar gaunga lyrics,0,2,0%,9.5
enthekum njan lyrics,0,2,0%,10
karthavin snehathil lyrics,0,2,0%,10
online bible quiz competition 2025,0,2,0%,10
pagaram enthu nalkum njan ini,0,2,0%,10
yeshuvodu cherni rippathethra lyrics in english,0,2,0%,10
hath utha kar lyrics,0,2,0%,10.5
kanunnu njan yahil,0,2,0%,10.5
multiple choice questions about 3 john,0,2,0%,11
1 timothy bible quiz,0,2,0%,13.5
jude bible quiz,0,2,0%,14
mark quiz,0,2,0%,15.5
shukriya christian song lyrics,0,2,0%,17.5
nee ente sankethavum,0,2,0%,21
aradhyam yesupara,0,2,0%,24
krushil kandu njan nin snehathe malayalam lyrics,0,2,0%,25
seeyon sanchari njan,0,2,0%,29.5
biblequiz.com,0,2,0%,30.5
1 thessalonians quiz,0,2,0%,31
hum gaye hosanna lyrics,0,2,0%,32
bible quizzes online,0,2,0%,32.5
idayane vilichu njan karanjappol,0,2,0%,34
quiz mark,0,2,0%,34
bible quiz genesis 1-50 with answers,0,2,0%,37.5
enne karuthum lyrics,0,2,0%,40.5
bible quiz competition 2025 results,0,2,0%,41
blessed assurance scripture,0,2,0%,50.5
bible quiz competitions,0,1,0%,1
ente karthave ente daivame bible verse,0,1,0%,1
quiz competition online with prizes,0,1,0%,1
quiz on nehemiah chapter 2,0,1,0%,1
yes,0,1,0%,1
a new day has dawned,0,1,0%,3
aadi aur aant tu hi hai lyrics,0,1,0%,3
britannica quiz timer bonus calculation,0,1,0%,4
haath uthakar gaoonga lyrics in hindi,0,1,0%,4
old testament bible trivia,0,1,0%,4
"""sins are vanished"" hymn",0,1,0%,5
amidst us our beloved stands lyrics,0,1,0%,5
bible quiz 2025,0,1,0%,5
bible quiz for sunday school,0,1,0%,5
bible quiz on ruth chapter 1 to 4,0,1,0%,5
fear not i am with thee lyrics,0,1,0%,5
genesis 17 quiz,0,1,0%,5
karuna bhalai teri lyrics,0,1,0%,5
luke 20 quiz,0,1,0%,5
main haath uthakar gaunga,0,1,0%,5
matthew 16 quiz,0,1,0%,5
parvaton ko dekhunga main lyrics,0,1,0%,5
timothy test,0,1,0%,5
yeshu ka naam hai sare zameen par lyrics in hindi,0,1,0%,5
#biblecompetition latest,0,1,0%,6
1 corinthians 13 quiz,0,1,0%,6
a quiz,0,1,0%,6
aao jag ke log sab hi lyrics in hindi,0,1,0%,6
arokke,0,1,0%,6
exodus 3 quiz,0,1,0%,6
genesis 40 quiz,0,1,0%,6
immanuel than chankathil lyrics,0,1,0%,6
karuna bhalai teri,0,1,0%,6
khazana song lyrics,0,1,0%,6
kuch kamti na mujhko hogi,0,1,0%,6
luke 15 quiz,0,1,0%,6
luke 7 quiz,0,1,0%,6
nadha varename song lyrics,0,1,0%,6
nandiyode njan lyrics,0,1,0%,6
nilavilika nilavilika,0,1,0%,6
rakshithavine kanka paapi lyrics,0,1,0%,6
sara srishti ke malik lyrics hindi,0,1,0%,6
यीशु तेरा नाम मेरा शरणस्थान,0,1,0%,6
aaradhna ho aaradhna,0,1,0%,7
aashish tumse chahte hai lyrics,0,1,0%,7
bible quiz luke chapter 12,0,1,0%,7
chamka sitara dekho lyrics,0,1,0%,7
daniel quiz,0,1,0%,7
esther quiz for kids,0,1,0%,7
luke 23 quiz,0,1,0%,7
matthew 21 quiz,0,1,0%,7
mein hath utha kar dunga lyrics,0,1,0%,7
ninte vachanam ente kalinu,0,1,0%,7
parama pithave parama pithave lyrics,0,1,0%,7
sunday school bible quiz,0,1,0%,7
tujhe dhundta hua tujhe chahta hun,0,1,0%,7
yeshuvodu lyrics malayalam,0,1,0%,7
एक आग हर दिल में,0,1,0%,7
मै हाथ उठाकर गाऊंगा lyrics,0,1,0%,7
यीशु का नाम है सारी जमीन पर,0,1,0%,7
aradhikkam yeshuvine lyrics,0,1,0%,8
asadhyam ennu njan karuthiya naal,0,1,0%,8
bible quiz on isaiah chapter 1,0,1,0%,8
chod na mujhe pyare yeshu,0,1,0%,8
come to my heart jesus come in and stay lyrics in english,0,1,0%,8
emmanuel emmanuel malayalam song,0,1,0%,8
ente daivam mahathwathil lyrics in english,0,1,0%,8
ezra test,0,1,0%,8
far far away in heathen darkness dwelling lyrics,0,1,0%,8
genesis 23 quiz,0,1,0%,8
ghutne tikakar sar jhuka kar lyrics,0,1,0%,8
ithratholam enne kondu vanneeduvan,0,1,0%,8
karthavin snehathil ennum,0,1,0%,8
karuthunnavan njanallayo lyrics manglish,0,1,0%,8
lokam papam lyrics,0,1,0%,8
parama pithave,0,1,0%,8
vishwasa jeevitha padakil njan lyrics,0,1,0%,8
aa karatharil lyrics,0,1,0%,9
adavitharukalinidayil lyrics,0,1,0%,9
athma santhosham kondu,0,1,0%,9
christ our redeemer died on the cross lyrics,0,1,0%,9
ella snehathilum lyrics malayalam,0,1,0%,9
ellam snehathinum lyrics,0,1,0%,9
face to face with christ my saviour lyrics,0,1,0%,9
from prayer that asks that i may be,0,1,0%,9
genesis 37 quiz,0,1,0%,9
god hath not promised lyrics,0,1,0%,9
hosea chapter 2 questions and answers,0,1,0%,9
ithratholam nadathiya daivame lyrics,0,1,0%,9
kab tak khuda mere kab tak,0,1,0%,9
kuch naya kar raha hai lyrics in hindi,0,1,0%,9
luke 11 quiz,0,1,0%,9
luke test,0,1,0%,9
maheswara nin lyrics,0,1,0%,9
oh how precious lyrics,0,1,0%,9
oru nimisham en yesuvin munpil song lyrics,0,1,0%,9
shukriya karta hu main leke tera naam lyrics,0,1,0%,9
shukriya karta hu main lyrics,0,1,0%,9
swargavum bhoomiyum lyrics,0,1,0%,9
vandanam yeshu para lyrics malayalam,0,1,0%,9
vishudhiye thikachu lyrics english,0,1,0%,9
yeshu varunne ponneshu varunne lyrics,0,1,0%,9
yeshuvinte rakthathal veendedukka,0,1,0%,9
आओ हम यहोवा का धन्यवाद करें lyrics,0,1,0%,9
and is it so i shall be like thy son lyrics,0,1,0%,10
apna bojh prabhu par daal lyrics,0,1,0%,10
bible exam 2026,0,1,0%,10
bible quiz proverbs chapter 1 to 9,0,1,0%,10
bible test,0,1,0%,10
chenkadalil nee annu patha thelichu,0,1,0%,10
competition,0,1,0%,10
death cannot hold the resurrection life,0,1,0%,10
hallelujah stuti gaye,0,1,0%,10
hath utha kar gaunga lyrics,0,1,0%,10
ithratholam jayam thanna lyrics,0,1,0%,10
jeevane en jeevane namo namo lyrics,0,1,0%,10
jonah quiz,0,1,0%,10
mahal sneham lyrics,0,1,0%,10
mahal sneham mahal sneham lyrics,0,1,0%,10
nalla devane njangal ellavareyum lyrics,0,1,0%,10
namaskaram christian malayalam,0,1,0%,10
nandi daivame nandi daivame lyrics in malayalam,0,1,0%,10
njanum ente kudumbavum,0,1,0%,10
prarthana utharam lyrics,0,1,0%,10
sunday school quiz,0,1,0%,10
what is question pattern,0,1,0%,10
wordshe,0,1,0%,10
yehova yire dathavam daivam lyrics,0,1,0%,10
yeshu en athma sakhe lyrics,0,1,0%,10
yeshu varunne lyrics,0,1,0%,10
far away the noise of strife lyrics,0,1,0%,11
hindi christian songs lyrics and chords pdf,0,1,0%,11
joshua chapter 8 questions and answers,0,1,0%,11
mahal sneham lyrics in english,0,1,0%,11
me haath uthaakar gaoonga,0,1,0%,11
tujhme hi meri subah lyrics,0,1,0%,11
आदि और अंत तू ही है,0,1,0%,11
haleluya stuti gaye hum,0,1,0%,12
how does britannica quiz scoring work,0,1,0%,12
daivame sneha roopane lyrics,0,1,0%,13
vishudhiye thikachu lyrics,0,1,0%,14
eppozhum njan santhoshikkum malayalam lyrics,0,1,0%,15
nee ente sankethavum lyrics malayalam,0,1,0%,15
jeevane en jeevane namo namo,0,1,0%,16
tumhe dil mein band kar loon lyrics,0,1,0%,16
idayane vilichu njan karanjappol lyrics,0,1,0%,17
yeshu aa lyrics,0,1,0%,17
bayibil,0,1,0%,18
almost persuaded hymn lyrics,0,1,0%,19
vandana karte hai hum,0,1,0%,20
jaypaai,0,1,0%,21
christian malayalam songs lyrics,0,1,0%,22
face to face lyrics hymn,0,1,0%,23
sari srishti ke malik lyrics,0,1,0%,23
seeyon yathrayathil lyrics,0,1,0%,23
sthothra ganangal padi lyrics,0,1,0%,23
vegam naam chernnidum lyrics,0,1,0%,23
christ liveth in me lyrics,0,1,0%,24
idari veezhuvan,0,1,0%,24
jab se pyara yeshu aaya lyrics,0,1,0%,24
karthavil santhosham avar en balam tamil,0,1,0%,24
nanmayallathonnum lyrics,0,1,0%,24
sukriya sukriya lyrics,0,1,0%,24
yeshu mahonnathane lyrics,0,1,0%,25
gave us,0,1,0%,26
sara shristi ko malik lyrics,0,1,0%,26
sthuthichiduvin keerthanangal,0,1,0%,27
matthew chapter 10 quiz,0,1,0%,28
പെറ്റമ്മ മറന്നാലും മറക്കാത്ത സ്നേഹമേ,0,1,0%,28
lokamam gambhira lyrics in malayalam,0,1,0%,29
1 corinthians 13 questions and answers,0,1,0%,32
ephesians quiz,0,1,0%,33
isaiah quiz,0,1,0%,33
satisfied hymn lyrics,0,1,0%,33
take my life and let it be scripture,0,1,0%,34
almost persuaded hymn,0,1,0%,35
christ is risen hallelujah bible verse,0,1,0%,35
1 corinthians quiz,0,1,0%,36
chal mujhe le chal khuda,0,1,0%,36
revelation chapter 5 questions and answers,0,1,0%,36
daivakripayil njan,0,1,0%,37
sarva nanmakalkum lyrics,0,1,0%,37
aashish tujhse chahte hai,0,1,0%,39
chenkadal,0,1,0%,39
nehemiah questions and answers,0,1,0%,39
sthuthi chey maname lyrics,0,1,0%,39
en prema geethamam lyrics,0,1,0%,40
blessed assurance bible verse kjv,0,1,0%,43
bible quiz on nehemiah 1 to 13,0,1,0%,46
ente daivam mahathwathil,0,1,0%,46
question pattern,0,1,0%,46
was david the greatest king of israel,0,1,0%,47
words to take my life and let it be,0,1,0%,47
vishwa vidhata,0,1,0%,48
యెహోవా షాలోము,0,1,0%,48
book of jeremiah quiz,0,1,0%,50
quiz on 1 corinthians,0,1,0%,50
who is on the lord's side lyrics,0,1,0%,50
greatest king of israel,0,1,0%,57
john chapter 1 questions and answers,0,1,0%,57
was david a shepherd,0,1,0%,57
आवाज़ उठायेंगे lyrics,0,1,0%,57
lirik lagu blessed assurance,0,1,0%,59
nallor,0,1,0%,59
was king david a shepherd,0,1,0%,59
azhalerum jeevitha,0,1,0%,66
contest quiz,0,1,0%,67
blessed assurance bible,0,1,0%,69
1 timothy 4 bible study questions,0,1,0%,70
1 chronicles questions and answers,0,1,0%,72
self competition psychology,0,1,0%,72
blessed assurance in the bible,0,1,0%,74
1 corinthians 13 bible study questions,0,1,0%,76
aims hymn lyrics,0,1,0%,76
1 corinthians 13 study questions,0,1,0%,78
what test did god give abraham,0,1,0%,79
1 kings bible quiz with answers pdf,0,1,0%,87
1 corinthians 13 discussion questions,0,1,0%,88